<?xml version="1.0" encoding="UTF-8"?>
<!DOCTYPE nmaprun>
<?xml-stylesheet href="file:///usr/bin/../share/nmap/nmap.xsl" type="text/xsl"?>
<!-- Nmap 7.80 scan initiated Mon Oct 12 01:24:57 2020 as: nmap -p 445 -&#45;script smb-vuln-ms06-025 -oX data/raw_data/192.168.28.130/192.168.28.130_ms06-025.xml 192.168.28.130 -->
<nmaprun scanner="nmap" args="nmap -p 445 -&#45;script smb-vuln-ms06-025 -oX data/raw_data/192.168.28.130/192.168.28.130_ms06-025.xml 192.168.28.130" start="1602480297" startstr="Mon Oct 12 01:24:57 2020" version="7.80" xmloutputversion="1.04">
<scaninfo type="syn" protocol="tcp" numservices="1" services="445"/>
<verbose level="0"/>
<debugging level="0"/>
<host starttime="1602480301" endtime="1602480302"><status state="up" reason="arp-response" reason_ttl="0"/>
<address addr="192.168.28.130" addrtype="ipv4"/>
<address addr="00:15:5D:0A:0C:03" addrtype="mac" vendor="Microsoft"/>
<hostnames>
<hostname name="tygh-ctrix2.tygh.gov.tw" type="PTR"/>
</hostnames>
<ports><port protocol="tcp" portid="445"><state state="open" reason="syn-ack" reason_ttl="128"/><service name="microsoft-ds" method="table" conf="3"/></port>
</ports>
<times srtt="6640" rttvar="7344" to="100000"/>
</host>
<runstats><finished time="1602480302" timestr="Mon Oct 12 01:25:02 2020" elapsed="5.74" summary="Nmap done at Mon Oct 12 01:25:02 2020; 1 IP address (1 host up) scanned in 5.74 seconds" exit="success"/><hosts up="1" down="0" total="1"/>
</runstats>
</nmaprun>
