<?xml version="1.0" encoding="UTF-8"?>
<!DOCTYPE nmaprun>
<?xml-stylesheet href="file:///usr/bin/../share/nmap/nmap.xsl" type="text/xsl"?>
<!-- Nmap 7.80 scan initiated Mon Oct 12 01:22:59 2020 as: nmap -p 445 -&#45;script smb-os-discovery.nse -oX data/raw_data/192.168.28.75/192.168.28.75_os.xml 192.168.28.75 -->
<nmaprun scanner="nmap" args="nmap -p 445 -&#45;script smb-os-discovery.nse -oX data/raw_data/192.168.28.75/192.168.28.75_os.xml 192.168.28.75" start="1602480179" startstr="Mon Oct 12 01:22:59 2020" version="7.80" xmloutputversion="1.04">
<scaninfo type="syn" protocol="tcp" numservices="1" services="445"/>
<verbose level="0"/>
<debugging level="0"/>
<host starttime="1602480203" endtime="1602480204"><status state="up" reason="arp-response" reason_ttl="0"/>
<address addr="192.168.28.75" addrtype="ipv4"/>
<address addr="00:15:5D:1C:95:03" addrtype="mac" vendor="Microsoft"/>
<hostnames>
<hostname name="ab1021-22-mis.tygh.gov.tw" type="PTR"/>
</hostnames>
<ports><port protocol="tcp" portid="445"><state state="open" reason="syn-ack" reason_ttl="128"/><service name="microsoft-ds" product="Windows XP microsoft-ds" method="probed" conf="10"/></port>
</ports>
<hostscript><script id="smb-os-discovery" output="&#xa;  OS: Windows XP (Windows 2000 LAN Manager)&#xa;  OS CPE: cpe:/o:microsoft:windows_xp::-&#xa;  Computer name: ab1021-22-mis&#xa;  NetBIOS computer name: AB1021-22-MIS\x00&#xa;  Domain name: TYGH.GOV.TW&#xa;  Forest name: TYGH.GOV.TW&#xa;  FQDN: ab1021-22-mis.TYGH.GOV.TW&#xa;  System time: 2020-10-12T13:23:16+08:00&#xa;"><elem key="os">Windows 5.1</elem>
<elem key="lanmanager">Windows 2000 LAN Manager</elem>
<elem key="server">AB1021-22-MIS\x00</elem>
<elem key="date">2020-10-12T13:23:16+08:00</elem>
<elem key="fqdn">ab1021-22-mis.TYGH.GOV.TW</elem>
<elem key="domain_dns">TYGH.GOV.TW</elem>
<elem key="forest_dns">TYGH.GOV.TW</elem>
<elem key="workgroup">TYGH\x00</elem>
<elem key="cpe">cpe:/o:microsoft:windows_xp::-</elem>
</script></hostscript><times srtt="1215" rttvar="3793" to="100000"/>
</host>
<runstats><finished time="1602480206" timestr="Mon Oct 12 01:23:26 2020" elapsed="28.69" summary="Nmap done at Mon Oct 12 01:23:26 2020; 1 IP address (1 host up) scanned in 28.69 seconds" exit="success"/><hosts up="1" down="0" total="1"/>
</runstats>
</nmaprun>
