<?xml version="1.0" encoding="UTF-8"?>
<!DOCTYPE nmaprun>
<?xml-stylesheet href="file:///usr/bin/../share/nmap/nmap.xsl" type="text/xsl"?>
<!-- Nmap 7.80 scan initiated Fri Oct 23 13:51:39 2020 as: nmap -p 445 -&#45;script smb-vuln-ms08-067 -oX data/raw_data/192.168.28.75/192.168.28.75_ms08-067.xml 192.168.28.75 -->
<nmaprun scanner="nmap" args="nmap -p 445 -&#45;script smb-vuln-ms08-067 -oX data/raw_data/192.168.28.75/192.168.28.75_ms08-067.xml 192.168.28.75" start="1603475499" startstr="Fri Oct 23 13:51:39 2020" version="7.80" xmloutputversion="1.04">
<scaninfo type="syn" protocol="tcp" numservices="1" services="445"/>
<verbose level="0"/>
<debugging level="0"/>
<host starttime="1603475510" endtime="1603475516"><status state="up" reason="arp-response" reason_ttl="0"/>
<address addr="192.168.28.75" addrtype="ipv4"/>
<address addr="00:15:5D:1C:95:03" addrtype="mac" vendor="Microsoft"/>
<hostnames>
<hostname name="ab1021-22-mis.tygh.gov.tw" type="PTR"/>
</hostnames>
<ports><port protocol="tcp" portid="445"><state state="open" reason="syn-ack" reason_ttl="128"/><service name="microsoft-ds" method="table" conf="3"/></port>
</ports>
<times srtt="135653" rttvar="154619" to="754129"/>
</host>
<runstats><finished time="1603475517" timestr="Fri Oct 23 13:51:57 2020" elapsed="20.69" summary="Nmap done at Fri Oct 23 13:51:57 2020; 1 IP address (1 host up) scanned in 20.69 seconds" exit="success"/><hosts up="1" down="0" total="1"/>
</runstats>
</nmaprun>
