<?xml version="1.0" encoding="UTF-8"?>
<!DOCTYPE nmaprun>
<?xml-stylesheet href="file:///usr/bin/../share/nmap/nmap.xsl" type="text/xsl"?>
<!-- Nmap 7.80 scan initiated Fri Oct 23 13:51:52 2020 as: nmap -p 445 -&#45;script smb-vuln-ms08-067 -oX data/raw_data/192.168.28.105/192.168.28.105_ms08-067.xml 192.168.28.105 -->
<nmaprun scanner="nmap" args="nmap -p 445 -&#45;script smb-vuln-ms08-067 -oX data/raw_data/192.168.28.105/192.168.28.105_ms08-067.xml 192.168.28.105" start="1603475512" startstr="Fri Oct 23 13:51:52 2020" version="7.80" xmloutputversion="1.04">
<scaninfo type="syn" protocol="tcp" numservices="1" services="445"/>
<verbose level="0"/>
<debugging level="0"/>
<host starttime="1603475518" endtime="1603475525"><status state="up" reason="arp-response" reason_ttl="0"/>
<address addr="192.168.28.105" addrtype="ipv4"/>
<address addr="00:15:5D:1C:80:05" addrtype="mac" vendor="Microsoft"/>
<hostnames>
<hostname name="nis-msi-8b05.tygh.gov.tw" type="PTR"/>
</hostnames>
<ports><port protocol="tcp" portid="445"><state state="open" reason="syn-ack" reason_ttl="128"/><service name="microsoft-ds" method="table" conf="3"/></port>
</ports>
<times srtt="92845" rttvar="105803" to="516057"/>
</host>
<runstats><finished time="1603475525" timestr="Fri Oct 23 13:52:05 2020" elapsed="12.83" summary="Nmap done at Fri Oct 23 13:52:05 2020; 1 IP address (1 host up) scanned in 12.83 seconds" exit="success"/><hosts up="1" down="0" total="1"/>
</runstats>
</nmaprun>
