<?xml version="1.0" encoding="UTF-8"?>
<!DOCTYPE nmaprun>
<?xml-stylesheet href="file:///usr/bin/../share/nmap/nmap.xsl" type="text/xsl"?>
<!-- Nmap 7.80 scan initiated Fri Oct 23 13:51:52 2020 as: nmap -p 445 -&#45;script smb-os-discovery.nse -oX data/raw_data/192.168.28.105/192.168.28.105_os.xml 192.168.28.105 -->
<nmaprun scanner="nmap" args="nmap -p 445 -&#45;script smb-os-discovery.nse -oX data/raw_data/192.168.28.105/192.168.28.105_os.xml 192.168.28.105" start="1603475512" startstr="Fri Oct 23 13:51:52 2020" version="7.80" xmloutputversion="1.04">
<scaninfo type="syn" protocol="tcp" numservices="1" services="445"/>
<verbose level="0"/>
<debugging level="0"/>
<host starttime="1603475519" endtime="1603475525"><status state="up" reason="arp-response" reason_ttl="0"/>
<address addr="192.168.28.105" addrtype="ipv4"/>
<address addr="00:15:5D:1C:80:05" addrtype="mac" vendor="Microsoft"/>
<hostnames>
<hostname name="nis-msi-8b05.tygh.gov.tw" type="PTR"/>
</hostnames>
<ports><port protocol="tcp" portid="445"><state state="open" reason="syn-ack" reason_ttl="128"/><service name="microsoft-ds" product="Windows Server 2012 R2 Standard 9600 microsoft-ds" method="probed" conf="10"/></port>
</ports>
<hostscript><script id="smb-os-discovery" output="&#xa;  OS: Windows Server 2012 R2 Standard 9600 (Windows Server 2012 R2 Standard 6.3)&#xa;  OS CPE: cpe:/o:microsoft:windows_server_2012::-&#xa;  Computer name: mistest-hmy&#xa;  NetBIOS computer name: MISTEST-HMY\x00&#xa;  Domain name: TYGH.GOV.TW&#xa;  Forest name: TYGH.GOV.TW&#xa;  FQDN: mistest-hmy.TYGH.GOV.TW&#xa;  System time: 2020-10-23T17:52:04+08:00&#xa;"><elem key="os">Windows Server 2012 R2 Standard 9600</elem>
<elem key="lanmanager">Windows Server 2012 R2 Standard 6.3</elem>
<elem key="server">MISTEST-HMY\x00</elem>
<elem key="date">2020-10-23T17:52:04+08:00</elem>
<elem key="fqdn">mistest-hmy.TYGH.GOV.TW</elem>
<elem key="domain_dns">TYGH.GOV.TW</elem>
<elem key="forest_dns">TYGH.GOV.TW</elem>
<elem key="workgroup">TYGH\x00</elem>
<elem key="cpe">cpe:/o:microsoft:windows_server_2012::-</elem>
</script></hostscript><times srtt="17541" rttvar="19503" to="100000"/>
</host>
<runstats><finished time="1603475525" timestr="Fri Oct 23 13:52:05 2020" elapsed="13.46" summary="Nmap done at Fri Oct 23 13:52:05 2020; 1 IP address (1 host up) scanned in 13.46 seconds" exit="success"/><hosts up="1" down="0" total="1"/>
</runstats>
</nmaprun>
