<?xml version="1.0" encoding="UTF-8"?>
<!DOCTYPE nmaprun>
<?xml-stylesheet href="file:///usr/bin/../share/nmap/nmap.xsl" type="text/xsl"?>
<!-- Nmap 7.80 scan initiated Thu Oct 15 03:09:49 2020 as: nmap -p 445 -&#45;script smb-vuln-ms10-061 -oX data/raw_data/192.168.121.14/192.168.121.14_ms10-061.xml 192.168.121.14 -->
<nmaprun scanner="nmap" args="nmap -p 445 -&#45;script smb-vuln-ms10-061 -oX data/raw_data/192.168.121.14/192.168.121.14_ms10-061.xml 192.168.121.14" start="1602745789" startstr="Thu Oct 15 03:09:49 2020" version="7.80" xmloutputversion="1.04">
<scaninfo type="syn" protocol="tcp" numservices="1" services="445"/>
<verbose level="0"/>
<debugging level="0"/>
<host starttime="1602745794" endtime="1602745816"><status state="up" reason="reset" reason_ttl="255"/>
<address addr="192.168.121.14" addrtype="ipv4"/>
<hostnames>
</hostnames>
<ports><port protocol="tcp" portid="445"><state state="open" reason="syn-ack" reason_ttl="64"/><service name="microsoft-ds" method="table" conf="3"/></port>
</ports>
<hostscript><script id="smb-vuln-ms10-061" output="false">false</script></hostscript><times srtt="609671" rttvar="526978" to="2717583"/>
</host>
<runstats><finished time="1602745816" timestr="Thu Oct 15 03:10:16 2020" elapsed="27.55" summary="Nmap done at Thu Oct 15 03:10:16 2020; 1 IP address (1 host up) scanned in 27.55 seconds" exit="success"/><hosts up="1" down="0" total="1"/>
</runstats>
</nmaprun>
