<?xml version="1.0" encoding="UTF-8"?>
<!DOCTYPE nmaprun>
<?xml-stylesheet href="file:///usr/bin/../share/nmap/nmap.xsl" type="text/xsl"?>
<!-- Nmap 7.80 scan initiated Thu Oct 15 03:09:49 2020 as: nmap -p 445 -&#45;script smb-vuln-ms08-067 -oX data/raw_data/192.168.121.14/192.168.121.14_ms08-067.xml 192.168.121.14 -->
<nmaprun scanner="nmap" args="nmap -p 445 -&#45;script smb-vuln-ms08-067 -oX data/raw_data/192.168.121.14/192.168.121.14_ms08-067.xml 192.168.121.14" start="1602745789" startstr="Thu Oct 15 03:09:49 2020" version="7.80" xmloutputversion="1.04">
<scaninfo type="syn" protocol="tcp" numservices="1" services="445"/>
<verbose level="0"/>
<debugging level="0"/>
<host starttime="1602745793" endtime="1602745818"><status state="up" reason="reset" reason_ttl="255"/>
<address addr="192.168.121.14" addrtype="ipv4"/>
<hostnames>
</hostnames>
<ports><port protocol="tcp" portid="445"><state state="open" reason="syn-ack" reason_ttl="64"/><service name="microsoft-ds" method="table" conf="3"/></port>
</ports>
<times srtt="601186" rttvar="601186" to="3005930"/>
</host>
<runstats><finished time="1602745818" timestr="Thu Oct 15 03:10:18 2020" elapsed="30.08" summary="Nmap done at Thu Oct 15 03:10:18 2020; 1 IP address (1 host up) scanned in 30.08 seconds" exit="success"/><hosts up="1" down="0" total="1"/>
</runstats>
</nmaprun>
