<?xml version="1.0" encoding="UTF-8"?>
<!DOCTYPE nmaprun>
<?xml-stylesheet href="file:///usr/bin/../share/nmap/nmap.xsl" type="text/xsl"?>
<!-- Nmap 7.80 scan initiated Thu Oct 15 03:09:49 2020 as: nmap -p 445 -&#45;script smb-os-discovery.nse -oX data/raw_data/192.168.121.14/192.168.121.14_os.xml 192.168.121.14 -->
<nmaprun scanner="nmap" args="nmap -p 445 -&#45;script smb-os-discovery.nse -oX data/raw_data/192.168.121.14/192.168.121.14_os.xml 192.168.121.14" start="1602745789" startstr="Thu Oct 15 03:09:49 2020" version="7.80" xmloutputversion="1.04">
<scaninfo type="syn" protocol="tcp" numservices="1" services="445"/>
<verbose level="0"/>
<debugging level="0"/>
<host starttime="1602745793" endtime="1602745816"><status state="up" reason="reset" reason_ttl="255"/>
<address addr="192.168.121.14" addrtype="ipv4"/>
<hostnames>
</hostnames>
<ports><port protocol="tcp" portid="445"><state state="open" reason="syn-ack" reason_ttl="64"/><service name="microsoft-ds" product="Windows Server 2003 3790 Service Pack 2 microsoft-ds" method="probed" conf="10"/></port>
</ports>
<hostscript><script id="smb-os-discovery" output="&#xa;  OS: Windows Server 2003 3790 Service Pack 2 (Windows Server 2003 5.2)&#xa;  OS CPE: cpe:/o:microsoft:windows_server_2003::sp2&#xa;  Computer name: printer&#xa;  NetBIOS computer name: PRINTER\x00&#xa;  Workgroup: WORKGROUP\x00&#xa;  System time: 2020-10-15T15:10:17+08:00&#xa;"><elem key="os">Windows Server 2003 3790 Service Pack 2</elem>
<elem key="lanmanager">Windows Server 2003 5.2</elem>
<elem key="server">PRINTER\x00</elem>
<elem key="date">2020-10-15T15:10:17+08:00</elem>
<elem key="fqdn">printer</elem>
<elem key="domain_dns">printer</elem>
<elem key="workgroup">WORKGROUP\x00</elem>
<elem key="cpe">cpe:/o:microsoft:windows_server_2003::sp2</elem>
</script></hostscript><times srtt="1274356" rttvar="1477712" to="7185204"/>
</host>
<runstats><finished time="1602745816" timestr="Thu Oct 15 03:10:16 2020" elapsed="27.84" summary="Nmap done at Thu Oct 15 03:10:16 2020; 1 IP address (1 host up) scanned in 27.84 seconds" exit="success"/><hosts up="1" down="0" total="1"/>
</runstats>
</nmaprun>
