<?xml version="1.0" encoding="UTF-8"?>
<!DOCTYPE nmaprun>
<?xml-stylesheet href="file:///usr/bin/../share/nmap/nmap.xsl" type="text/xsl"?>
<!-- Nmap 7.80 scan initiated Thu Oct 15 03:13:06 2020 as: nmap -p 445 -&#45;script smb-vuln-ms08-067 -oX data/raw_data/192.168.121.143/192.168.121.143_ms08-067.xml 192.168.121.143 -->
<nmaprun scanner="nmap" args="nmap -p 445 -&#45;script smb-vuln-ms08-067 -oX data/raw_data/192.168.121.143/192.168.121.143_ms08-067.xml 192.168.121.143" start="1602745986" startstr="Thu Oct 15 03:13:06 2020" version="7.80" xmloutputversion="1.04">
<scaninfo type="syn" protocol="tcp" numservices="1" services="445"/>
<verbose level="0"/>
<debugging level="0"/>
<host starttime="1602745990" endtime="1602745990"><status state="up" reason="reset" reason_ttl="255"/>
<address addr="192.168.121.143" addrtype="ipv4"/>
<hostnames>
</hostnames>
<ports><port protocol="tcp" portid="445"><state state="open" reason="syn-ack" reason_ttl="64"/><service name="microsoft-ds" method="table" conf="3"/></port>
</ports>
<times srtt="6227" rttvar="5715" to="100000"/>
</host>
<runstats><finished time="1602745990" timestr="Thu Oct 15 03:13:10 2020" elapsed="4.94" summary="Nmap done at Thu Oct 15 03:13:10 2020; 1 IP address (1 host up) scanned in 4.94 seconds" exit="success"/><hosts up="1" down="0" total="1"/>
</runstats>
</nmaprun>
