{"ip": "192.168.28.113", "os": "Windows Server 2012 R2 Standard 9600", "fqdn": "DICOMDIR-TYGH.TYGH.GOV.TW", "workgroup": "TYGH.GOV.TW", "account": "administrator", "password": "1qaz@WSX", "share_data": {"\\\\192.168.28.113\\ADMIN$": ["Anonymous access", "<none>", "Current user access", "<none>"], "\\\\192.168.28.113\\C$": ["Anonymous access", "<none>", "Current user access", "<none>"], "\\\\192.168.28.113\\D$": ["Anonymous access", "<none>", "Current user access", "<none>"], "\\\\192.168.28.113\\IPC$": ["Anonymous access", "<none>", "Current user access", "READ/WRITE"], "\\\\192.168.28.113\\TY_DICOMDIR_7Z": ["Anonymous access", "<none>", "Current user access", "READ"]}, "cve_2020_1206": "Vulnerable", "cve_2020_0796": "Vulnerable", "ms07-029": "Not Vulernable", "ms08-067": "Not Vulernable", "ms10-054": "Not Vulnerable", "ms10-061": "Not Vulnerable", "ms17-010": "Vulnerable"}