{"ip": "192.168.28.178", "os": "Windows Storage Server 2016 Standard 14393", "fqdn": "NAS05-TYGH.TYGH.GOV.TW", "workgroup": "TYGH.GOV.TW", "account": "Guest", "password": "12345678", "share_data": {"\\\\192.168.28.178\\ADMIN$": ["Anonymous access", "<none>", "Current user access", "<none>"], "\\\\192.168.28.178\\Backup": ["Anonymous access", "<none>", "Current user access", "READ"], "\\\\192.168.28.178\\C$": ["Anonymous access", "<none>", "Current user access", "<none>"], "\\\\192.168.28.178\\D$": ["Anonymous access", "<none>", "Current user access", "<none>"], "\\\\192.168.28.178\\HV-backup$": ["Anonymous access", "<none>", "Current user access", "READ"], "\\\\192.168.28.178\\IPC$": ["Anonymous access", "READ", "Current user access", "READ/WRITE"], "\\\\192.168.28.178\\backup2": ["Anonymous access", "<none>", "Current user access", "READ"]}, "cve_2020_1206": "Vulnerable", "cve_2020_0796": "Vulnerable", "ms07-029": "Not Vulernable", "ms08-067": "Not Vulernable", "ms10-054": "Not Vulnerable", "ms10-061": "Not Vulnerable", "ms17-010": "Vulnerable"}