{"ip": "192.168.28.133", "os": "Windows Server 2003 3790 Service Pack 2", "fqdn": "tygh-km.TYGH.GOV.TW", "workgroup": "TYGH.GOV.TW", "account": "Guest", "password": "12345678", "share_data": {"\\\\192.168.28.133\\ADMIN$": ["Anonymous access", "<none>", "Current user access", "<none>"], "\\\\192.168.28.133\\C$": ["Anonymous access", "<none>", "Current user access", "<none>"], "\\\\192.168.28.133\\D$": ["Anonymous access", "<none>", "Current user access", "<none>"], "\\\\192.168.28.133\\IPC$": ["Anonymous access", "READ", "Current user access", "READ/WRITE"], "\\\\192.168.28.133\\ssis": ["Anonymous access", "<none>", "Current user access", "READ"]}, "cve_2020_1206": "NULL", "cve_2020_0796": "Vulnerable", "ms07-029": "Not Vulernable", "ms08-067": "Not Vulernable", "ms10-054": "Not Vulnerable", "ms10-061": "Not Vulnerable", "ms17-010": "Vulnerable"}