{"ip": "192.168.28.33", "os": "Windows 5.0", "fqdn": "filet-t1.TYGH.GOV.TW", "workgroup": "TYGH\\x00", "account": "Guest", "password": "12345", "share_data": {"\\\\192.168.28.33\\ADMIN$": ["Anonymous access", "<none>", "Current user access", "<none>"], "\\\\192.168.28.33\\C$": ["Anonymous access", "<none>", "Current user access", "<none>"], "\\\\192.168.28.33\\D$": ["Anonymous access", "<none>", "Current user access", "<none>"], "\\\\192.168.28.33\\DEVELOP": ["Anonymous access", "<none>", "Current user access", "READ"], "\\\\192.168.28.33\\E$": ["Anonymous access", "<none>", "Current user access", "<none>"], "\\\\192.168.28.33\\IPC$": ["Anonymous access", "READ", "Current user access", "READ/WRITE"], "\\\\192.168.28.33\\PERSONNEL": ["Anonymous access", "<none>", "Current user access", "READ/WRITE"], "\\\\192.168.28.33\\runtime": ["Anonymous access", "<none>", "Current user access", "READ"]}, "cve_2020_1206": "NULL", "cve_2020_0796": "Vulnerable", "ms07-029": "Not Vulernable", "ms08-067": "Not Vulernable", "ms10-054": "Not Vulnerable", "ms10-061": "Not Vulnerable", "ms17-010": "Vulnerable"}