{"ip": "192.168.28.92", "os": "Windows Server 2003 3790 Service Pack 2", "fqdn": "tygh-Novio.TYGH.GOV.TW", "workgroup": "TYGH.GOV.TW", "account": "administrator", "password": "123456", "share_data": {"\\\\192.168.28.92\\ADMIN$": ["Anonymous access", "<none>", "Current user access", "<none>"], "\\\\192.168.28.92\\C$": ["Anonymous access", "<none>", "Current user access", "<none>"], "\\\\192.168.28.92\\F$": ["Anonymous access", "<none>", "Current user access", "<none>"], "\\\\192.168.28.92\\H$": ["Anonymous access", "<none>", "Current user access", "<none>"], "\\\\192.168.28.92\\IPC$": ["Anonymous access", "READ", "Current user access", "READ/WRITE"], "\\\\192.168.28.92\\sms": ["Anonymous access", "<none>", "Current user access", "READ/WRITE"]}, "cve_2020_1206": "NULL", "cve_2020_0796": "Vulnerable", "ms07-029": "Not Vulernable", "ms08-067": "Not Vulernable", "ms10-054": "Not Vulnerable", "ms10-061": "Not Vulnerable", "ms17-010": "Vulnerable"}