{"ip": "192.168.28.179", "os": "Windows 10 Pro 10240", "fqdn": "AB1999-VIDEO.TYGH.GOV.TW", "workgroup": "TYGH.GOV.TW", "account": "NULL", "password": "NULL", "share_data": {"\\\\192.168.28.179\\ADMIN$": ["Anonymous access", "<none>", "Current user access", "<none>"], "\\\\192.168.28.179\\C$": ["Anonymous access", "<none>", "Current user access", "<none>"], "\\\\192.168.28.179\\D$": ["Anonymous access", "<none>", "Current user access", "<none>"], "\\\\192.168.28.179\\IPC$": ["Anonymous access", "READ", "Current user access", "READ/WRITE"], "\\\\192.168.28.179\\print$": ["Anonymous access", "<none>", "Current user access", "READ"]}, "cve_2020_1206": "Vulnerable", "cve_2020_0796": "Vulnerable", "ms07-029": "Not Vulernable", "ms08-067": "Not Vulernable", "ms10-054": "Not Vulnerable", "ms10-061": "Not Vulnerable", "ms17-010": "Vulnerable"}