{"ip": "192.168.28.96", "os": "Windows Server 2012 R2 Standard 9600", "fqdn": "TYGH-AGILE21.TYGH.GOV.TW", "workgroup": "TYGH.GOV.TW", "account": "user1", "password": "12345", "share_data": {"\\\\192.168.28.96\\ADMIN$": ["Anonymous access", "<none>", "Current user access", "<none>"], "\\\\192.168.28.96\\C$": ["Anonymous access", "<none>", "Current user access", "<none>"], "\\\\192.168.28.96\\E$": ["Anonymous access", "<none>", "Current user access", "<none>"], "\\\\192.168.28.96\\F$": ["Anonymous access", "<none>", "Current user access", "<none>"], "\\\\192.168.28.96\\IPC$": ["Anonymous access", "<none>", "Current user access", "READ/WRITE"], "\\\\192.168.28.96\\update": ["Anonymous access", "<none>", "Current user access", "READ"]}, "cve_2020_1206": "Vulnerable", "cve_2020_0796": "Vulnerable", "ms07-029": "Not Vulernable", "ms08-067": "Not Vulernable", "ms10-054": "Not Vulnerable", "ms10-061": "Not Vulnerable", "ms17-010": "Vulnerable"}