{"ip": "192.168.28.110", "os": "Windows Server 2016 Standard 14393", "fqdn": "CDCUPLOAD-TYGH.TYGH.GOV.TW", "workgroup": "TYGH.GOV.TW", "account": "Guest", "password": "12345678", "share_data": {"\\\\192.168.28.110\\ADMIN$": ["Anonymous access", "<none>", "Current user access", "<none>"], "\\\\192.168.28.110\\B$": ["Anonymous access", "<none>", "Current user access", "<none>"], "\\\\192.168.28.110\\C$": ["Anonymous access", "<none>", "Current user access", "<none>"], "\\\\192.168.28.110\\D$": ["Anonymous access", "<none>", "Current user access", "<none>"], "\\\\192.168.28.110\\IPC$": ["Anonymous access", "<none>", "Current user access", "READ/WRITE"]}, "cve_2020_1206": "Vulnerable", "cve_2020_0796": "Vulnerable", "ms07-029": "Not Vulernable", "ms08-067": "Not Vulernable", "ms10-054": "Not Vulnerable", "ms10-061": "Not Vulnerable", "ms17-010": "Vulnerable"}