{"ip": "192.168.28.79", "os": "Windows Server 2012 Standard 9200", "fqdn": "MRIMAGEAP.TYGH.GOV.TW", "workgroup": "TYGH.GOV.TW", "account": "Guest", "password": "12345", "share_data": {"\\\\192.168.28.79\\ADMIN$": ["Anonymous access", "<none>", "Current user access", "<none>"], "\\\\192.168.28.79\\B$": ["Anonymous access", "<none>", "Current user access", "<none>"], "\\\\192.168.28.79\\C$": ["Anonymous access", "<none>", "Current user access", "<none>"], "\\\\192.168.28.79\\D$": ["Anonymous access", "<none>", "Current user access", "<none>"], "\\\\192.168.28.79\\F$": ["Anonymous access", "<none>", "Current user access", "<none>"], "\\\\192.168.28.79\\IPC$": ["Anonymous access", "READ", "Current user access", "READ/WRITE"]}, "cve_2020_1206": "Vulnerable", "cve_2020_0796": "Vulnerable", "ms07-029": "Not Vulernable", "ms08-067": "Not Vulernable", "ms10-054": "Not Vulnerable", "ms10-061": "Not Vulnerable", "ms17-010": "Vulnerable"}