{"ip": "192.168.28.95", "os": "Windows Server 2008 R2 Standard 7601 Service Pack 1", "fqdn": "TYGH-AGILE11.TYGH.GOV.TW", "workgroup": "TYGH.GOV.TW", "account": "Guest", "password": "12345", "share_data": {"\\\\192.168.28.95\\ADMIN$": ["Anonymous access", "<none>", "Current user access", "<none>"], "\\\\192.168.28.95\\C$": ["Anonymous access", "<none>", "Current user access", "<none>"], "\\\\192.168.28.95\\D$": ["Anonymous access", "<none>", "Current user access", "<none>"], "\\\\192.168.28.95\\IPC$": ["Anonymous access", "READ", "Current user access", "READ/WRITE"]}, "cve_2020_1206": "Vulnerable", "cve_2020_0796": "Vulnerable", "ms07-029": "Not Vulernable", "ms08-067": "Not Vulernable", "ms10-054": "Not Vulnerable", "ms10-061": "Not Vulnerable", "ms17-010": "Vulnerable"}