{"ip": "192.168.28.62", "os": "Windows Server 2008 R2 Enterprise 7601 Service Pack 1", "fqdn": "TYHVSRV011.TYGH.GOV.TW", "workgroup": "TYGH.GOV.TW", "account": "Guest", "password": "12345", "share_data": {"\\\\192.168.28.62\\2fc471fa-a2e8-41aa-8335-f8f4be4edce2-135266304$": ["Anonymous access", "<none>", "Current user access", "READ"], "\\\\192.168.28.62\\ADMIN$": ["Anonymous access", "<none>", "Current user access", "<none>"], "\\\\192.168.28.62\\C$": ["Anonymous access", "<none>", "Current user access", "<none>"], "\\\\192.168.28.62\\E$": ["Anonymous access", "<none>", "Current user access", "<none>"], "\\\\192.168.28.62\\F$": ["Anonymous access", "<none>", "Current user access", "<none>"], "\\\\192.168.28.62\\IPC$": ["Anonymous access", "READ", "Current user access", "READ/WRITE"], "\\\\192.168.28.62\\Q$": ["Anonymous access", "<none>", "Current user access", "<none>"]}, "cve_2020_1206": "Vulnerable", "cve_2020_0796": "Vulnerable", "ms07-029": "Not Vulernable", "ms08-067": "Not Vulernable", "ms10-054": "Not Vulnerable", "ms10-061": "Not Vulnerable", "ms17-010": "Vulnerable"}