{"ip": "192.168.28.134", "os": "Windows 5.1", "fqdn": "TYGH-QC6.TYGH.GOV.TW", "workgroup": "TYGH\\x00", "account": "user1", "password": "12345", "share_data": {"\\\\192.168.28.134\\ADMIN$": ["Anonymous access", "<none>", "Current user access", "<none>"], "\\\\192.168.28.134\\C$": ["Anonymous access", "<none>", "Current user access", "<none>"], "\\\\192.168.28.134\\D$": ["Anonymous access", "<none>", "Current user access", "<none>"], "\\\\192.168.28.134\\IPC$": ["Anonymous access", "READ", "Current user access", "READ/WRITE"], "\\\\192.168.28.134\\print$": ["Anonymous access", "<none>", "Current user access", "READ"]}, "cve_2020_1206": "NULL", "cve_2020_0796": "Vulnerable", "ms07-029": "Not Vulernable", "ms08-067": "Not Vulernable", "ms10-054": "Not Vulnerable", "ms10-061": "Not Vulnerable", "ms17-010": "Vulnerable"}