{"ip": "192.168.28.80", "os": "NULL", "fqdn": "NULL", "workgroup": "NULL", "account": "Guest", "password": "12345", "share_data": {"\\\\192.168.28.80\\ADMIN$": ["Anonymous access", "<none>", "Current user access", "<none>"], "\\\\192.168.28.80\\B$": ["Anonymous access", "<none>", "Current user access", "<none>"], "\\\\192.168.28.80\\C$": ["Anonymous access", "<none>", "Current user access", "<none>"], "\\\\192.168.28.80\\D$": ["Anonymous access", "<none>", "Current user access", "<none>"], "\\\\192.168.28.80\\IPC$": ["Anonymous access", "<none>", "Current user access", "READ/WRITE"], "\\\\192.168.28.80\\ca_apm$": ["Anonymous access", "<none>", "Current user access", "READ"]}, "cve_2020_1206": "Vulnerable", "cve_2020_0796": "Vulnerable", "ms07-029": "Not Vulernable", "ms08-067": "Not Vulernable", "ms10-054": "Not Vulnerable", "ms10-061": "Not Vulnerable", "ms17-010": "Vulnerable"}