{"ip": "192.168.28.14", "os": "Windows 5.0", "fqdn": "proxy2.TYGH.GOV.TW", "workgroup": "TYGH\\x00", "account": "user1", "password": "password", "share_data": {"\\\\192.168.28.14\\ADMIN$": ["Anonymous access", "<none>", "Current user access", "<none>"], "\\\\192.168.28.14\\C$": ["Anonymous access", "<none>", "Current user access", "<none>"], "\\\\192.168.28.14\\D$": ["Anonymous access", "<none>", "Current user access", "<none>"], "\\\\192.168.28.14\\E$": ["Anonymous access", "<none>", "Current user access", "<none>"], "\\\\192.168.28.14\\IPC$": ["Anonymous access", "READ", "Current user access", "READ/WRITE"]}, "cve_2020_1206": "NULL", "cve_2020_0796": "Vulnerable", "ms07-029": "Not Vulernable", "ms08-067": "Not Vulernable", "ms10-054": "Not Vulnerable", "ms10-061": "Not Vulnerable", "ms17-010": "Vulnerable"}