{"ip": "192.168.28.102", "os": "Windows Server 2012 R2 Standard 9600", "fqdn": "CTDRUG.TYGH.GOV.TW", "workgroup": "TYGH.GOV.TW", "account": "Guest", "password": "12345", "share_data": {"\\\\192.168.28.102\\A$": ["Anonymous access", "<none>", "Current user access", "<none>"], "\\\\192.168.28.102\\ADMIN$": ["Anonymous access", "<none>", "Current user access", "<none>"], "\\\\192.168.28.102\\Backup": ["Anonymous access", "<none>", "Current user access", "READ"], "\\\\192.168.28.102\\C$": ["Anonymous access", "<none>", "Current user access", "<none>"], "\\\\192.168.28.102\\D$": ["Anonymous access", "<none>", "Current user access", "<none>"], "\\\\192.168.28.102\\IPC$": ["Anonymous access", "<none>", "Current user access", "READ/WRITE"], "\\\\192.168.28.102\\TamisCancer": ["Anonymous access", "<none>", "Current user access", "READ"], "\\\\192.168.28.102\\hisimages": ["Anonymous access", "<none>", "Current user access", "READ"]}, "cve_2020_1206": "Vulnerable", "cve_2020_0796": "Vulnerable", "ms07-029": "Not Vulernable", "ms08-067": "Not Vulernable", "ms10-054": "Not Vulnerable", "ms10-061": "Not Vulnerable", "ms17-010": "Vulnerable"}