{"ip": "192.168.28.53", "os": "Windows Server 2003 3790 Service Pack 2", "fqdn": "dohupload.TYGH.GOV.TW", "workgroup": "TYGH.GOV.TW", "account": "Test", "password": "12345", "share_data": {"\\\\192.168.28.53\\ADMIN$": ["Anonymous access", "<none>", "Current user access", "<none>"], "\\\\192.168.28.53\\C$": ["Anonymous access", "<none>", "Current user access", "<none>"], "\\\\192.168.28.53\\CDCupload": ["Anonymous access", "<none>", "Current user access", "READ"], "\\\\192.168.28.53\\D$": ["Anonymous access", "<none>", "Current user access", "<none>"], "\\\\192.168.28.53\\EmgManager": ["Anonymous access", "<none>", "Current user access", "READ"], "\\\\192.168.28.53\\IPC$": ["Anonymous access", "READ", "Current user access", "READ/WRITE"], "\\\\192.168.28.53\\MsOLAPRepository$": ["Anonymous access", "<none>", "Current user access", "READ"]}, "cve_2020_1206": "NULL", "cve_2020_0796": "Vulnerable", "ms07-029": "Not Vulernable", "ms08-067": "Not Vulernable", "ms10-054": "Not Vulnerable", "ms10-061": "Not Vulnerable", "ms17-010": "Vulnerable"}