{"ip": "192.168.28.141", "os": "Windows 10 Pro 18363", "fqdn": "AB1M08-MIS.TYGH.GOV.TW", "workgroup": "TYGH.GOV.TW", "account": "Guest", "password": "12345678", "share_data": {"\\\\192.168.28.141\\ADMIN$": ["Anonymous access", "<none>", "Current user access", "<none>"], "\\\\192.168.28.141\\C$": ["Anonymous access", "<none>", "Current user access", "<none>"], "\\\\192.168.28.141\\D$": ["Anonymous access", "<none>", "Current user access", "<none>"], "\\\\192.168.28.141\\IPC$": ["Anonymous access", "READ", "Current user access", "READ/WRITE"]}, "cve_2020_1206": "Vulnerable", "cve_2020_0796": "Vulnerable", "ms07-029": "Not Vulernable", "ms08-067": null, "ms10-054": "Not Vulnerable", "ms10-061": "Not Vulnerable", "ms17-010": "Vulnerable"}