{"ip": "192.168.28.75", "os": "Windows 5.1", "fqdn": "ab1021-22-mis.TYGH.GOV.TW", "workgroup": "TYGH.GOV.TW", "account": "alex", "password": "qwerty", "share_data": {"\\\\192.168.28.75\\ADMIN$": ["Anonymous access", "<none>", "Current user access", "<none>"], "\\\\192.168.28.75\\C$": ["Anonymous access", "<none>", "Current user access", "<none>"], "\\\\192.168.28.75\\IPC$": ["Anonymous access", "READ", "Current user access", "READ/WRITE"], "\\\\192.168.28.75\\NR8": ["Anonymous access", "<none>", "Current user access", "READ"], "\\\\192.168.28.75\\tmp": ["Anonymous access", "<none>", "Current user access", "READ"]}, "cve_2020_1206": "NULL", "cve_2020_0796": "Vulnerable", "ms07-029": "Not Vulernable", "ms08-067": "Not Vulernable", "ms10-054": "Not Vulnerable", "ms10-061": "Not Vulnerable", "ms17-010": "Vulnerable"}