{"ip": "192.168.28.112", "os": "Windows Server 2016 Standard 14393", "fqdn": "CTMRIUL-TYGH.TYGH.GOV.TW", "workgroup": "TYGH.GOV.TW", "account": "Guest", "password": "12345678", "share_data": {"\\\\192.168.28.112\\ADMIN$": ["Anonymous access", "<none>", "Current user access", "<none>"], "\\\\192.168.28.112\\C$": ["Anonymous access", "<none>", "Current user access", "<none>"], "\\\\192.168.28.112\\D$": ["Anonymous access", "<none>", "Current user access", "<none>"], "\\\\192.168.28.112\\IPC$": ["Anonymous access", "<none>", "Current user access", "READ/WRITE"], "\\\\192.168.28.112\\NHI_EII": ["Anonymous access", "<none>", "Current user access", "READ"], "\\\\192.168.28.112\\atc2": ["Anonymous access", "<none>", "Current user access", "READ"]}, "cve_2020_1206": "Vulnerable", "cve_2020_0796": "Vulnerable", "ms07-029": "Not Vulernable", "ms08-067": "Not Vulernable", "ms10-054": "Not Vulnerable", "ms10-061": "Not Vulnerable", "ms17-010": "Vulnerable"}