<?xml version="1.0" encoding="UTF-8"?>
<!DOCTYPE nmaprun>
<?xml-stylesheet href="file:///usr/bin/../share/nmap/nmap.xsl" type="text/xsl"?>
<!-- Nmap 7.80 scan initiated Fri Oct 23 13:51:59 2020 as: nmap -p 445 -&#45;script smb-vuln-ms17-010 -oX data/raw_data/192.168.28.161/192.168.28.161_ms17-010.xml 192.168.28.161 -->
<nmaprun scanner="nmap" args="nmap -p 445 -&#45;script smb-vuln-ms17-010 -oX data/raw_data/192.168.28.161/192.168.28.161_ms17-010.xml 192.168.28.161" start="1603475519" startstr="Fri Oct 23 13:51:59 2020" version="7.80" xmloutputversion="1.04">
<scaninfo type="syn" protocol="tcp" numservices="1" services="445"/>
<verbose level="0"/>
<debugging level="0"/>
<host starttime="1603475522" endtime="1603475528"><status state="up" reason="arp-response" reason_ttl="0"/>
<address addr="192.168.28.161" addrtype="ipv4"/>
<address addr="00:01:6C:3F:33:0D" addrtype="mac" vendor="Foxconn"/>
<hostnames>
<hostname name="ab119-grace.tygh.gov.tw" type="PTR"/>
</hostnames>
<ports><port protocol="tcp" portid="445"><state state="open" reason="syn-ack" reason_ttl="128"/><service name="microsoft-ds" method="table" conf="3"/></port>
</ports>
<hostscript><script id="smb-vuln-ms17-010" output="&#xa;  VULNERABLE:&#xa;  Remote Code Execution vulnerability in Microsoft SMBv1 servers (ms17-010)&#xa;    State: VULNERABLE&#xa;    IDs:  CVE:CVE-2017-0143&#xa;    Risk factor: HIGH&#xa;      A critical remote code execution vulnerability exists in Microsoft SMBv1&#xa;       servers (ms17-010).&#xa;          &#xa;    Disclosure date: 2017-03-14&#xa;    References:&#xa;      https://cve.mitre.org/cgi-bin/cvename.cgi?name=CVE-2017-0143&#xa;      https://blogs.technet.microsoft.com/msrc/2017/05/12/customer-guidance-for-wannacrypt-attacks/&#xa;      https://technet.microsoft.com/en-us/library/security/ms17-010.aspx&#xa;"><table key="CVE-2017-0143">
<elem key="title">Remote Code Execution vulnerability in Microsoft SMBv1 servers (ms17-010)</elem>
<elem key="state">VULNERABLE</elem>
<table key="ids">
<elem>CVE:CVE-2017-0143</elem>
</table>
<table key="description">
<elem>A critical remote code execution vulnerability exists in Microsoft SMBv1&#xa; servers (ms17-010).&#xa;    </elem>
</table>
<table key="dates">
<table key="disclosure">
<elem key="month">03</elem>
<elem key="year">2017</elem>
<elem key="day">14</elem>
</table>
</table>
<elem key="disclosure">2017-03-14</elem>
<table key="refs">
<elem>https://cve.mitre.org/cgi-bin/cvename.cgi?name=CVE-2017-0143</elem>
<elem>https://blogs.technet.microsoft.com/msrc/2017/05/12/customer-guidance-for-wannacrypt-attacks/</elem>
<elem>https://technet.microsoft.com/en-us/library/security/ms17-010.aspx</elem>
</table>
</table>
</script></hostscript><times srtt="434" rttvar="3881" to="100000"/>
</host>
<runstats><finished time="1603475528" timestr="Fri Oct 23 13:52:08 2020" elapsed="8.82" summary="Nmap done at Fri Oct 23 13:52:08 2020; 1 IP address (1 host up) scanned in 8.82 seconds" exit="success"/><hosts up="1" down="0" total="1"/>
</runstats>
</nmaprun>
