<?xml version="1.0" encoding="UTF-8"?>
<!DOCTYPE nmaprun>
<?xml-stylesheet href="file:///usr/bin/../share/nmap/nmap.xsl" type="text/xsl"?>
<!-- Nmap 7.80 scan initiated Fri Oct 23 13:51:59 2020 as: nmap -p 445 -&#45;script smb-os-discovery.nse -oX data/raw_data/192.168.28.161/192.168.28.161_os.xml 192.168.28.161 -->
<nmaprun scanner="nmap" args="nmap -p 445 -&#45;script smb-os-discovery.nse -oX data/raw_data/192.168.28.161/192.168.28.161_os.xml 192.168.28.161" start="1603475519" startstr="Fri Oct 23 13:51:59 2020" version="7.80" xmloutputversion="1.04">
<scaninfo type="syn" protocol="tcp" numservices="1" services="445"/>
<verbose level="0"/>
<debugging level="0"/>
<host starttime="1603475522" endtime="1603475528"><status state="up" reason="arp-response" reason_ttl="0"/>
<address addr="192.168.28.161" addrtype="ipv4"/>
<address addr="00:01:6C:3F:33:0D" addrtype="mac" vendor="Foxconn"/>
<hostnames>
<hostname name="ab119-grace.tygh.gov.tw" type="PTR"/>
</hostnames>
<ports><port protocol="tcp" portid="445"><state state="open" reason="syn-ack" reason_ttl="128"/><service name="microsoft-ds" product="Windows XP microsoft-ds" method="probed" conf="10"/></port>
</ports>
<hostscript><script id="smb-os-discovery" output="&#xa;  OS: Windows XP (Windows 2000 LAN Manager)&#xa;  OS CPE: cpe:/o:microsoft:windows_xp::-&#xa;  Computer name: AB119-GRACE&#xa;  NetBIOS computer name: AB119-GRACE\x00&#xa;  Domain name: TYGH.GOV.TW&#xa;  Forest name: TYGH.GOV.TW&#xa;  FQDN: AB119-GRACE.TYGH.GOV.TW&#xa;  System time: 2020-10-23T17:49:46+08:00&#xa;"><elem key="os">Windows 5.1</elem>
<elem key="lanmanager">Windows 2000 LAN Manager</elem>
<elem key="server">AB119-GRACE\x00</elem>
<elem key="date">2020-10-23T17:49:46+08:00</elem>
<elem key="fqdn">AB119-GRACE.TYGH.GOV.TW</elem>
<elem key="domain_dns">TYGH.GOV.TW</elem>
<elem key="forest_dns">TYGH.GOV.TW</elem>
<elem key="workgroup">TYGH\x00</elem>
<elem key="cpe">cpe:/o:microsoft:windows_xp::-</elem>
</script></hostscript><times srtt="7554" rttvar="8282" to="100000"/>
</host>
<runstats><finished time="1603475528" timestr="Fri Oct 23 13:52:08 2020" elapsed="8.92" summary="Nmap done at Fri Oct 23 13:52:08 2020; 1 IP address (1 host up) scanned in 8.92 seconds" exit="success"/><hosts up="1" down="0" total="1"/>
</runstats>
</nmaprun>
