{"ip": "192.168.28.57", "os": "Windows Storage Server 2016 Standard 14393", "fqdn": "NAS09-TYGH.TYGH.GOV.TW", "workgroup": "TYGH.GOV.TW", "account": "Guest", "password": "0000", "share_data": {"\\\\192.168.28.57\\ADMIN$": ["Anonymous access", "<none>", "Current user access", "<none>"], "\\\\192.168.28.57\\C$": ["Anonymous access", "<none>", "Current user access", "<none>"], "\\\\192.168.28.57\\D$": ["Anonymous access", "<none>", "Current user access", "<none>"], "\\\\192.168.28.57\\IPC$": ["Anonymous access", "READ", "Current user access", "READ/WRITE"], "\\\\192.168.28.57\\declare$": ["Anonymous access", "<none>", "Current user access", "READ"], "\\\\192.168.28.57\\hv-backup$": ["Anonymous access", "<none>", "Current user access", "READ"]}, "cve_2020_1206": "Vulnerable", "cve_2020_0796": "Vulnerable", "ms07-029": "NULL", "ms08-067": "NULL", "ms10-054": "NULL", "ms10-061": "NULL", "ms17-010": "Not Vulernable"}