{"ip": "192.168.28.64", "os": "NULL", "fqdn": "NULL", "workgroup": "NULL", "account": "Guest", "password": "123", "share_data": {"\\\\192.168.28.64\\2fc471fa-a2e8-41aa-8335-f8f4be4edce2-135266304$": ["Anonymous access", "<none>", "Current user access", "READ"], "\\\\192.168.28.64\\ADMIN$": ["Anonymous access", "<none>", "Current user access", "<none>"], "\\\\192.168.28.64\\C$": ["Anonymous access", "<none>", "Current user access", "<none>"], "\\\\192.168.28.64\\E$": ["Anonymous access", "<none>", "Current user access", "<none>"], "\\\\192.168.28.64\\F$": ["Anonymous access", "<none>", "Current user access", "<none>"], "\\\\192.168.28.64\\IPC$": ["Anonymous access", "READ", "Current user access", "READ/WRITE"], "\\\\192.168.28.64\\Q$": ["Anonymous access", "<none>", "Current user access", "<none>"]}, "cve_2020_1206": "Vulnerable", "cve_2020_0796": "Vulnerable", "ms07-029": "NULL", "ms08-067": "Not Vulernable", "ms10-054": "NULL", "ms10-061": "NULL", "ms17-010": "Not Vulernable"}