{"ip": "192.168.28.178", "os": "NULL", "fqdn": "NULL", "workgroup": "NULL", "account": "Guest", "password": "0000", "share_data": {"\\\\192.168.28.178\\ADMIN$": ["Anonymous access", "<none>", "Current user access", "<none>"], "\\\\192.168.28.178\\Backup": ["Anonymous access", "<none>", "Current user access", "READ"], "\\\\192.168.28.178\\C$": ["Anonymous access", "<none>", "Current user access", "<none>"], "\\\\192.168.28.178\\D$": ["Anonymous access", "<none>", "Current user access", "<none>"], "\\\\192.168.28.178\\HV-backup$": ["Anonymous access", "<none>", "Current user access", "READ"], "\\\\192.168.28.178\\IPC$": ["Anonymous access", "READ", "Current user access", "READ/WRITE"], "\\\\192.168.28.178\\backup2": ["Anonymous access", "<none>", "Current user access", "READ"]}, "cve_2020_1206": "Vulnerable", "cve_2020_0796": "Vulnerable", "ms07-029": "NULL", "ms08-067": "Not Vulernable", "ms10-054": "NULL", "ms10-061": "NULL", "ms17-010": "Not Vulernable"}