{"ip": "192.168.28.104", "os": "Windows Server 2012 R2 Standard 9600", "fqdn": "TYGHVSRV062.TYGH.GOV.TW", "workgroup": "TYGH.GOV.TW", "account": "Guest", "password": "123", "share_data": {"\\\\192.168.28.104\\ClusterStorage$": ["Anonymous access", "<none>", "Current user access", "<none>"], "\\\\192.168.28.104\\F$": ["Anonymous access", "<none>", "Current user access", "READ"], "\\\\192.168.28.104\\IPC$": ["Anonymous access", "<none>", "Current user access", "READ/WRITE"]}, "cve_2020_1206": "Vulnerable", "cve_2020_0796": "Vulnerable", "ms07-029": "NULL", "ms08-067": "Not Vulernable", "ms10-054": "NULL", "ms10-061": "NULL", "ms17-010": "Not Vulernable"}