{"ip": "192.168.28.54", "os": "NULL", "fqdn": "NULL", "workgroup": "NULL", "account": "Guest", "password": "0000", "share_data": {"\\\\192.168.28.54\\ADMIN$": ["Anonymous access", "<none>", "Current user access", "<none>"], "\\\\192.168.28.54\\C$": ["Anonymous access", "<none>", "Current user access", "<none>"], "\\\\192.168.28.54\\D$": ["Anonymous access", "<none>", "Current user access", "<none>"], "\\\\192.168.28.54\\E$": ["Anonymous access", "<none>", "Current user access", "<none>"], "\\\\192.168.28.54\\IPC$": ["Anonymous access", "<none>", "Current user access", "READ/WRITE"]}, "cve_2020_1206": "Vulnerable", "cve_2020_0796": "Vulnerable", "ms07-029": "NULL", "ms08-067": "NULL", "ms10-054": "NULL", "ms10-061": "NULL", "ms17-010": "Not Vulernable"}