{"ip": "192.168.28.39", "os": "NULL", "fqdn": "NULL", "workgroup": "NULL", "account": "admin", "password": "123", "share_data": {"\\\\192.168.28.39\\ADMIN$": ["Anonymous access", "<none>", "Current user access", "<none>"], "\\\\192.168.28.39\\C$": ["Anonymous access", "<none>", "Current user access", "<none>"], "\\\\192.168.28.39\\D$": ["Anonymous access", "<none>", "Current user access", "<none>"], "\\\\192.168.28.39\\IPC$": ["Anonymous access", "READ", "Current user access", "READ/WRITE"]}, "cve_2020_1206": "Vulnerable", "cve_2020_0796": "Vulnerable", "ms07-029": "NULL", "ms08-067": "NULL", "ms10-054": "NULL", "ms10-061": "NULL", "ms17-010": "NULL"}