{"ip": "192.168.28.113", "os": "NULL", "fqdn": "NULL", "workgroup": "NULL", "account": "administrator", "password": "1qaz@WSX", "share_data": {"\\\\192.168.28.113\\ADMIN$": ["Anonymous access", "<none>", "Current user access", "<none>"], "\\\\192.168.28.113\\C$": ["Anonymous access", "<none>", "Current user access", "<none>"], "\\\\192.168.28.113\\D$": ["Anonymous access", "<none>", "Current user access", "<none>"], "\\\\192.168.28.113\\IPC$": ["Anonymous access", "<none>", "Current user access", "READ/WRITE"], "\\\\192.168.28.113\\TY_DICOMDIR_7Z": ["Anonymous access", "<none>", "Current user access", "READ"]}, "cve_2020_1206": "Vulnerable", "cve_2020_0796": "Vulnerable", "ms07-029": "NULL", "ms08-067": "Not Vulernable", "ms10-054": "NULL", "ms10-061": "NULL", "ms17-010": "Not Vulernable"}