{"ip": "192.168.28.208", "os": "Windows Server 2012 R2 Standard 9600", "fqdn": "TYGHVSRV151.TYGH.GOV.TW", "workgroup": "TYGH.GOV.TW", "account": "Guest", "password": "123", "share_data": {"\\\\192.168.28.208\\ADMIN$": ["Anonymous access", "<none>", "Current user access", "<none>"], "\\\\192.168.28.208\\C$": ["Anonymous access", "<none>", "Current user access", "<none>"], "\\\\192.168.28.208\\IPC$": ["Anonymous access", "<none>", "Current user access", "READ/WRITE"], "\\\\192.168.28.208\\Share_Folder": ["Anonymous access", "<none>", "Current user access", "READ"]}, "cve_2020_1206": "Vulnerable", "cve_2020_0796": "Vulnerable", "ms07-029": "NULL", "ms08-067": "Not Vulernable", "ms10-054": "NULL", "ms10-061": "NULL", "ms17-010": "Not Vulernable"}