{"ip": "192.168.28.76", "os": "Windows 10 Pro 10240", "fqdn": "AB1021-2-MIS.TYGH.GOV.TW", "workgroup": "TYGH.GOV.TW", "account": "NULL", "password": "NULL", "share_data": {"\\\\192.168.28.76\\ADMIN$": ["Anonymous access", "<none>", "Current user access", "<none>"], "\\\\192.168.28.76\\C$": ["Anonymous access", "<none>", "Current user access", "<none>"], "\\\\192.168.28.76\\D$": ["Anonymous access", "<none>", "Current user access", "<none>"], "\\\\192.168.28.76\\IPC$": ["Anonymous access", "READ", "Current user access", "READ/WRITE"], "\\\\192.168.28.76\\print$": ["Anonymous access", "<none>", "Current user access", "READ"]}, "cve_2020_1206": "Vulnerable", "cve_2020_0796": "Vulnerable", "ms07-029": "NULL", "ms08-067": "Not Vulernable", "ms10-054": "NULL", "ms10-061": "NULL", "ms17-010": "Not Vulernable"}