{"ip": "192.168.28.129", "os": "Windows Server 2019 Standard 17763", "fqdn": "TYGH-CTRIX2W.TYGH.GOV.TW", "workgroup": "TYGH.GOV.TW", "account": "Guest", "password": "0000", "share_data": {"\\\\192.168.28.129\\ADMIN$": ["Anonymous access", "<none>", "Current user access", "<none>"], "\\\\192.168.28.129\\C$": ["Anonymous access", "<none>", "Current user access", "<none>"], "\\\\192.168.28.129\\D$": ["Anonymous access", "<none>", "Current user access", "<none>"], "\\\\192.168.28.129\\IPC$": ["Anonymous access", "READ", "Current user access", "READ/WRITE"]}, "cve_2020_1206": "Vulnerable", "cve_2020_0796": "Vulnerable", "ms07-029": "NULL", "ms08-067": "Vulnerable", "ms10-054": "NULL", "ms10-061": "NULL", "ms17-010": "Not Vulernable"}