{"ip": "192.168.28.245", "os": "Windows Server 2003 3790 Service Pack 2", "fqdn": "tuh1.TYGH.GOV.TW", "workgroup": "TYGH.GOV.TW", "account": "admin", "password": "123", "share_data": {"\\\\192.168.28.245\\ADMIN$": ["Anonymous access", "<none>", "Current user access", "<none>"], "\\\\192.168.28.245\\C$": ["Anonymous access", "<none>", "Current user access", "<none>"], "\\\\192.168.28.245\\D$": ["Anonymous access", "<none>", "Current user access", "<none>"], "\\\\192.168.28.245\\E$": ["Anonymous access", "<none>", "Current user access", "<none>"], "\\\\192.168.28.245\\IPC$": ["Anonymous access", "READ", "Current user access", "READ/WRITE"]}, "cve_2020_1206": "NULL", "cve_2020_0796": "Vulnerable", "ms07-029": "NULL", "ms08-067": "Not Vulernable", "ms10-054": "NULL", "ms10-061": "NULL", "ms17-010": "Not Vulernable"}