{"ip": "192.168.28.87", "os": "Windows Server 2012 Standard 9200", "fqdn": "MRImageService.TYGH.GOV.TW", "workgroup": "TYGH.GOV.TW", "account": "Guest", "password": "0000", "share_data": {"\\\\192.168.28.87\\ADMIN$": ["Anonymous access", "<none>", "Current user access", "<none>"], "\\\\192.168.28.87\\ARCserve$": ["Anonymous access", "<none>", "Current user access", "READ"], "\\\\192.168.28.87\\C$": ["Anonymous access", "<none>", "Current user access", "<none>"], "\\\\192.168.28.87\\E$": ["Anonymous access", "<none>", "Current user access", "<none>"], "\\\\192.168.28.87\\F$": ["Anonymous access", "<none>", "Current user access", "<none>"], "\\\\192.168.28.87\\G$": ["Anonymous access", "<none>", "Current user access", "<none>"], "\\\\192.168.28.87\\IPC$": ["Anonymous access", "READ", "Current user access", "READ/WRITE"], "\\\\192.168.28.87\\ca_apm$": ["Anonymous access", "<none>", "Current user access", "READ"]}, "cve_2020_1206": "Vulnerable", "cve_2020_0796": "Vulnerable", "ms07-029": "NULL", "ms08-067": "Not Vulernable", "ms10-054": "NULL", "ms10-061": "NULL", "ms17-010": "Not Vulernable"}