{"ip": "192.168.28.220", "os": "Windows Server 2012 R2 Standard 9600", "fqdn": "TYGH-HISDISK.TYGH.GOV.TW", "workgroup": "TYGH.GOV.TW", "account": "Guest", "password": "0000", "share_data": {"\\\\192.168.28.220\\ADMIN$": ["Anonymous access", "<none>", "Current user access", "<none>"], "\\\\192.168.28.220\\C$": ["Anonymous access", "<none>", "Current user access", "<none>"], "\\\\192.168.28.220\\D$": ["Anonymous access", "<none>", "Current user access", "<none>"], "\\\\192.168.28.220\\IPC$": ["Anonymous access", "<none>", "Current user access", "READ/WRITE"], "\\\\192.168.28.220\\vision95": ["Anonymous access", "<none>", "Current user access", "READ"]}, "cve_2020_1206": "Vulnerable", "cve_2020_0796": "Vulnerable", "ms07-029": "NULL", "ms08-067": "Not Vulernable", "ms10-054": "NULL", "ms10-061": "NULL", "ms17-010": "Not Vulernable"}