{"ip": "192.168.28.192", "os": "NULL", "fqdn": "NULL", "workgroup": "NULL", "account": "Guest", "password": "0000", "share_data": {"\\\\192.168.28.192\\ADMIN$": ["Anonymous access", "<none>", "Current user access", "<none>"], "\\\\192.168.28.192\\API": ["Anonymous access", "<none>", "Current user access", "READ"], "\\\\192.168.28.192\\C$": ["Anonymous access", "<none>", "Current user access", "<none>"], "\\\\192.168.28.192\\D$": ["Anonymous access", "<none>", "Current user access", "<none>"], "\\\\192.168.28.192\\IPC$": ["Anonymous access", "<none>", "Current user access", "READ/WRITE"], "\\\\192.168.28.192\\zpt.dir": ["Anonymous access", "<none>", "Current user access", "READ"]}, "cve_2020_1206": "Vulnerable", "cve_2020_0796": "Vulnerable", "ms07-029": "NULL", "ms08-067": "Not Vulernable", "ms10-054": "NULL", "ms10-061": "NULL", "ms17-010": "Not Vulernable"}