{"ip": "192.168.28.66", "os": "Windows Server 2008 R2 Standard 7601 Service Pack 1", "fqdn": "TYGHDOCJAGENT.TYGH.GOV.TW", "workgroup": "TYGH.GOV.TW", "account": "Guest", "password": "0000", "share_data": {"\\\\192.168.28.66\\ADMIN$": ["Anonymous access", "<none>", "Current user access", "<none>"], "\\\\192.168.28.66\\C$": ["Anonymous access", "<none>", "Current user access", "<none>"], "\\\\192.168.28.66\\E$": ["Anonymous access", "<none>", "Current user access", "<none>"], "\\\\192.168.28.66\\IPC$": ["Anonymous access", "READ", "Current user access", "READ/WRITE"], "\\\\192.168.28.66\\Users": ["Anonymous access", "<none>", "Current user access", "READ"], "\\\\192.168.28.66\\tools": ["Anonymous access", "<none>", "Current user access", "READ"]}, "cve_2020_1206": "Vulnerable", "cve_2020_0796": "Vulnerable", "ms07-029": "NULL", "ms08-067": "Not Vulernable", "ms10-054": "NULL", "ms10-061": "NULL", "ms17-010": "Not Vulernable"}