<?xml version="1.0" encoding="UTF-8"?>
<!DOCTYPE nmaprun>
<?xml-stylesheet href="file:///usr/bin/../share/nmap/nmap.xsl" type="text/xsl"?>
<!-- Nmap 7.80 scan initiated Fri Oct 23 13:52:10 2020 as: nmap -p 445 -&#45;script smb-os-discovery.nse -oX data/raw_data/192.168.28.143/192.168.28.143_os.xml 192.168.28.143 -->
<nmaprun scanner="nmap" args="nmap -p 445 -&#45;script smb-os-discovery.nse -oX data/raw_data/192.168.28.143/192.168.28.143_os.xml 192.168.28.143" start="1603475530" startstr="Fri Oct 23 13:52:10 2020" version="7.80" xmloutputversion="1.04">
<scaninfo type="syn" protocol="tcp" numservices="1" services="445"/>
<verbose level="0"/>
<debugging level="0"/>
<host starttime="1603475530" endtime="1603475536"><status state="up" reason="arp-response" reason_ttl="0"/>
<address addr="192.168.28.143" addrtype="ipv4"/>
<address addr="74:27:EA:F3:42:94" addrtype="mac" vendor="Elitegroup Computer Systems"/>
<hostnames>
<hostname name="ab1021-3-mis.tygh.gov.tw" type="PTR"/>
</hostnames>
<ports><port protocol="tcp" portid="445"><state state="open" reason="syn-ack" reason_ttl="128"/><service name="microsoft-ds" product="Windows 7 Professional 7601 Service Pack 1 microsoft-ds" method="probed" conf="10"/></port>
</ports>
<hostscript><script id="smb-os-discovery" output="&#xa;  OS: Windows 7 Professional 7601 Service Pack 1 (Windows 7 Professional 6.1)&#xa;  OS CPE: cpe:/o:microsoft:windows_7::sp1:professional&#xa;  Computer name: AB1021-3-MIS&#xa;  NetBIOS computer name: AB1021-3-MIS\x00&#xa;  Domain name: TYGH.GOV.TW&#xa;  Forest name: TYGH.GOV.TW&#xa;  FQDN: AB1021-3-MIS.TYGH.GOV.TW&#xa;  System time: 2020-10-23T17:52:15+08:00&#xa;"><elem key="os">Windows 7 Professional 7601 Service Pack 1</elem>
<elem key="lanmanager">Windows 7 Professional 6.1</elem>
<elem key="server">AB1021-3-MIS\x00</elem>
<elem key="date">2020-10-23T17:52:15+08:00</elem>
<elem key="fqdn">AB1021-3-MIS.TYGH.GOV.TW</elem>
<elem key="domain_dns">TYGH.GOV.TW</elem>
<elem key="forest_dns">TYGH.GOV.TW</elem>
<elem key="workgroup">TYGH\x00</elem>
<elem key="cpe">cpe:/o:microsoft:windows_7::sp1:professional</elem>
</script></hostscript><times srtt="1118" rttvar="3853" to="100000"/>
</host>
<runstats><finished time="1603475536" timestr="Fri Oct 23 13:52:16 2020" elapsed="5.93" summary="Nmap done at Fri Oct 23 13:52:16 2020; 1 IP address (1 host up) scanned in 5.93 seconds" exit="success"/><hosts up="1" down="0" total="1"/>
</runstats>
</nmaprun>
