<?xml version="1.0" encoding="UTF-8"?>
<!DOCTYPE nmaprun>
<?xml-stylesheet href="file:///usr/bin/../share/nmap/nmap.xsl" type="text/xsl"?>
<!-- Nmap 7.80 scan initiated Fri Oct 23 13:52:10 2020 as: nmap -p 445 -&#45;script smb-vuln-ms08-067 -oX data/raw_data/192.168.28.143/192.168.28.143_ms08-067.xml 192.168.28.143 -->
<nmaprun scanner="nmap" args="nmap -p 445 -&#45;script smb-vuln-ms08-067 -oX data/raw_data/192.168.28.143/192.168.28.143_ms08-067.xml 192.168.28.143" start="1603475530" startstr="Fri Oct 23 13:52:10 2020" version="7.80" xmloutputversion="1.04">
<scaninfo type="syn" protocol="tcp" numservices="1" services="445"/>
<verbose level="0"/>
<debugging level="0"/>
<host starttime="1603475530" endtime="1603475536"><status state="up" reason="arp-response" reason_ttl="0"/>
<address addr="192.168.28.143" addrtype="ipv4"/>
<address addr="74:27:EA:F3:42:94" addrtype="mac" vendor="Elitegroup Computer Systems"/>
<hostnames>
<hostname name="ab1021-3-mis.tygh.gov.tw" type="PTR"/>
</hostnames>
<ports><port protocol="tcp" portid="445"><state state="open" reason="syn-ack" reason_ttl="128"/><service name="microsoft-ds" method="table" conf="3"/></port>
</ports>
<times srtt="1310" rttvar="3924" to="100000"/>
</host>
<runstats><finished time="1603475536" timestr="Fri Oct 23 13:52:16 2020" elapsed="5.96" summary="Nmap done at Fri Oct 23 13:52:16 2020; 1 IP address (1 host up) scanned in 5.96 seconds" exit="success"/><hosts up="1" down="0" total="1"/>
</runstats>
</nmaprun>
