<?xml version="1.0" encoding="UTF-8"?>
<!DOCTYPE nmaprun>
<?xml-stylesheet href="file:///usr/bin/../share/nmap/nmap.xsl" type="text/xsl"?>
<!-- Nmap 7.80 scan initiated Fri Oct 23 13:51:42 2020 as: nmap -p 445 -&#45;script smb-os-discovery.nse -oX data/raw_data/192.168.28.87/192.168.28.87_os.xml 192.168.28.87 -->
<nmaprun scanner="nmap" args="nmap -p 445 -&#45;script smb-os-discovery.nse -oX data/raw_data/192.168.28.87/192.168.28.87_os.xml 192.168.28.87" start="1603475502" startstr="Fri Oct 23 13:51:42 2020" version="7.80" xmloutputversion="1.04">
<scaninfo type="syn" protocol="tcp" numservices="1" services="445"/>
<verbose level="0"/>
<debugging level="0"/>
<host starttime="1603475511" endtime="1603475519"><status state="up" reason="arp-response" reason_ttl="0"/>
<address addr="192.168.28.87" addrtype="ipv4"/>
<address addr="5C:F3:FC:4B:19:B6" addrtype="mac" vendor="IBM"/>
<hostnames>
<hostname name="mrimageservice.tygh.gov.tw" type="PTR"/>
</hostnames>
<ports><port protocol="tcp" portid="445"><state state="open" reason="syn-ack" reason_ttl="128"/><service name="microsoft-ds" product="Windows Server 2012 Standard 9200 microsoft-ds" method="probed" conf="10"/></port>
</ports>
<hostscript><script id="smb-os-discovery" output="&#xa;  OS: Windows Server 2012 Standard 9200 (Windows Server 2012 Standard 6.2)&#xa;  OS CPE: cpe:/o:microsoft:windows_server_2012::-&#xa;  Computer name: MRImageService&#xa;  NetBIOS computer name: MRIMAGESERVICE\x00&#xa;  Domain name: TYGH.GOV.TW&#xa;  Forest name: TYGH.GOV.TW&#xa;  FQDN: MRImageService.TYGH.GOV.TW&#xa;  System time: 2020-10-23T17:51:56+08:00&#xa;"><elem key="os">Windows Server 2012 Standard 9200</elem>
<elem key="lanmanager">Windows Server 2012 Standard 6.2</elem>
<elem key="server">MRIMAGESERVICE\x00</elem>
<elem key="date">2020-10-23T17:51:56+08:00</elem>
<elem key="fqdn">MRImageService.TYGH.GOV.TW</elem>
<elem key="domain_dns">TYGH.GOV.TW</elem>
<elem key="forest_dns">TYGH.GOV.TW</elem>
<elem key="workgroup">TYGH\x00</elem>
<elem key="cpe">cpe:/o:microsoft:windows_server_2012::-</elem>
</script></hostscript><times srtt="67512" rttvar="77002" to="375520"/>
</host>
<runstats><finished time="1603475519" timestr="Fri Oct 23 13:51:59 2020" elapsed="18.91" summary="Nmap done at Fri Oct 23 13:51:59 2020; 1 IP address (1 host up) scanned in 18.91 seconds" exit="success"/><hosts up="1" down="0" total="1"/>
</runstats>
</nmaprun>
