<?xml version="1.0" encoding="UTF-8"?>
<!DOCTYPE nmaprun>
<?xml-stylesheet href="file:///usr/bin/../share/nmap/nmap.xsl" type="text/xsl"?>
<!-- Nmap 7.80 scan initiated Fri Oct 23 13:51:58 2020 as: nmap -p 445 -&#45;script smb-os-discovery.nse -oX data/raw_data/192.168.28.126/192.168.28.126_os.xml 192.168.28.126 -->
<nmaprun scanner="nmap" args="nmap -p 445 -&#45;script smb-os-discovery.nse -oX data/raw_data/192.168.28.126/192.168.28.126_os.xml 192.168.28.126" start="1603475518" startstr="Fri Oct 23 13:51:58 2020" version="7.80" xmloutputversion="1.04">
<scaninfo type="syn" protocol="tcp" numservices="1" services="445"/>
<verbose level="0"/>
<debugging level="0"/>
<host starttime="1603475521" endtime="1603475527"><status state="up" reason="arp-response" reason_ttl="0"/>
<address addr="192.168.28.126" addrtype="ipv4"/>
<address addr="94:40:C9:1D:B9:34" addrtype="mac" vendor="Hewlett Packard Enterprise"/>
<hostnames>
<hostname name="nas08-tygh.tygh.gov.tw" type="PTR"/>
</hostnames>
<ports><port protocol="tcp" portid="445"><state state="open" reason="syn-ack" reason_ttl="128"/><service name="microsoft-ds" product="Windows Storage Server 2016 Standard 14393 microsoft-ds" method="probed" conf="10"/></port>
</ports>
<hostscript><script id="smb-os-discovery" output="&#xa;  OS: Windows Storage Server 2016 Standard 14393 (Windows Storage Server 2016 Standard 6.3)&#xa;  Computer name: NAS08-TYGH&#xa;  NetBIOS computer name: NAS08-TYGH\x00&#xa;  Domain name: TYGH.GOV.TW&#xa;  Forest name: TYGH.GOV.TW&#xa;  FQDN: NAS08-TYGH.TYGH.GOV.TW&#xa;  System time: 2020-10-23T17:52:06+08:00&#xa;"><elem key="os">Windows Storage Server 2016 Standard 14393</elem>
<elem key="lanmanager">Windows Storage Server 2016 Standard 6.3</elem>
<elem key="server">NAS08-TYGH\x00</elem>
<elem key="date">2020-10-23T17:52:06+08:00</elem>
<elem key="fqdn">NAS08-TYGH.TYGH.GOV.TW</elem>
<elem key="domain_dns">TYGH.GOV.TW</elem>
<elem key="forest_dns">TYGH.GOV.TW</elem>
<elem key="workgroup">TYGH\x00</elem>
</script></hostscript><times srtt="9465" rttvar="10563" to="100000"/>
</host>
<runstats><finished time="1603475527" timestr="Fri Oct 23 13:52:07 2020" elapsed="9.33" summary="Nmap done at Fri Oct 23 13:52:07 2020; 1 IP address (1 host up) scanned in 9.33 seconds" exit="success"/><hosts up="1" down="0" total="1"/>
</runstats>
</nmaprun>
