<?xml version="1.0" encoding="UTF-8"?>
<!DOCTYPE nmaprun>
<?xml-stylesheet href="file:///usr/bin/../share/nmap/nmap.xsl" type="text/xsl"?>
<!-- Nmap 7.80 scan initiated Fri Oct 23 13:51:52 2020 as: nmap -p 445 -&#45;script smb-vuln-ms17-010 -oX data/raw_data/192.168.28.89/192.168.28.89_ms17-010.xml 192.168.28.89 -->
<nmaprun scanner="nmap" args="nmap -p 445 -&#45;script smb-vuln-ms17-010 -oX data/raw_data/192.168.28.89/192.168.28.89_ms17-010.xml 192.168.28.89" start="1603475512" startstr="Fri Oct 23 13:51:52 2020" version="7.80" xmloutputversion="1.04">
<scaninfo type="syn" protocol="tcp" numservices="1" services="445"/>
<verbose level="0"/>
<debugging level="0"/>
<host starttime="1603475516" endtime="1603475521"><status state="up" reason="arp-response" reason_ttl="0"/>
<address addr="192.168.28.89" addrtype="ipv4"/>
<address addr="00:15:5D:4D:75:05" addrtype="mac" vendor="Microsoft"/>
<hostnames>
<hostname name="tatemr-tao.tygh.gov.tw" type="PTR"/>
</hostnames>
<ports><port protocol="tcp" portid="445"><state state="open" reason="syn-ack" reason_ttl="128"/><service name="microsoft-ds" method="table" conf="3"/></port>
</ports>
<times srtt="705" rttvar="3789" to="100000"/>
</host>
<runstats><finished time="1603475521" timestr="Fri Oct 23 13:52:01 2020" elapsed="10.03" summary="Nmap done at Fri Oct 23 13:52:01 2020; 1 IP address (1 host up) scanned in 10.03 seconds" exit="success"/><hosts up="1" down="0" total="1"/>
</runstats>
</nmaprun>
