<?xml version="1.0" encoding="UTF-8"?>
<!DOCTYPE nmaprun>
<?xml-stylesheet href="file:///usr/bin/../share/nmap/nmap.xsl" type="text/xsl"?>
<!-- Nmap 7.80 scan initiated Thu Oct 15 03:14:51 2020 as: nmap -p 445 -&#45;script smb-vuln-ms08-067 -oX data/raw_data/192.168.121.173/192.168.121.173_ms08-067.xml 192.168.121.173 -->
<nmaprun scanner="nmap" args="nmap -p 445 -&#45;script smb-vuln-ms08-067 -oX data/raw_data/192.168.121.173/192.168.121.173_ms08-067.xml 192.168.121.173" start="1602746091" startstr="Thu Oct 15 03:14:51 2020" version="7.80" xmloutputversion="1.04">
<scaninfo type="syn" protocol="tcp" numservices="1" services="445"/>
<verbose level="0"/>
<debugging level="0"/>
<host starttime="1602746094" endtime="1602746095"><status state="up" reason="reset" reason_ttl="255"/>
<address addr="192.168.121.173" addrtype="ipv4"/>
<hostnames>
</hostnames>
<ports><port protocol="tcp" portid="445"><state state="open" reason="syn-ack" reason_ttl="64"/><service name="microsoft-ds" method="table" conf="3"/></port>
</ports>
<times srtt="4424" rttvar="6076" to="100000"/>
</host>
<runstats><finished time="1602746095" timestr="Thu Oct 15 03:14:55 2020" elapsed="4.45" summary="Nmap done at Thu Oct 15 03:14:55 2020; 1 IP address (1 host up) scanned in 4.45 seconds" exit="success"/><hosts up="1" down="0" total="1"/>
</runstats>
</nmaprun>
