<?xml version="1.0" encoding="UTF-8"?>
<!DOCTYPE nmaprun>
<?xml-stylesheet href="file:///usr/bin/../share/nmap/nmap.xsl" type="text/xsl"?>
<!-- Nmap 7.80 scan initiated Mon Oct 12 01:24:12 2020 as: nmap -p 445 -&#45;script smb-os-discovery.nse -oX data/raw_data/192.168.28.140/192.168.28.140_os.xml 192.168.28.140 -->
<nmaprun scanner="nmap" args="nmap -p 445 -&#45;script smb-os-discovery.nse -oX data/raw_data/192.168.28.140/192.168.28.140_os.xml 192.168.28.140" start="1602480252" startstr="Mon Oct 12 01:24:12 2020" version="7.80" xmloutputversion="1.04">
<scaninfo type="syn" protocol="tcp" numservices="1" services="445"/>
<verbose level="0"/>
<debugging level="0"/>
<host starttime="1602480279" endtime="1602480280"><status state="up" reason="arp-response" reason_ttl="0"/>
<address addr="192.168.28.140" addrtype="ipv4"/>
<address addr="00:15:5D:0A:02:24" addrtype="mac" vendor="Microsoft"/>
<hostnames>
<hostname name="hismr-tao.tygh.gov.tw" type="PTR"/>
</hostnames>
<ports><port protocol="tcp" portid="445"><state state="open" reason="syn-ack" reason_ttl="128"/><service name="microsoft-ds" product="Windows Server 2012 R2 Standard 9600 microsoft-ds" method="probed" conf="10"/></port>
</ports>
<hostscript><script id="smb-os-discovery" output="&#xa;  OS: Windows Server 2012 R2 Standard 9600 (Windows Server 2012 R2 Standard 6.3)&#xa;  OS CPE: cpe:/o:microsoft:windows_server_2012::-&#xa;  Computer name: HISMR-TAO&#xa;  NetBIOS computer name: HISMR-TAO\x00&#xa;  Domain name: TYGH.GOV.TW&#xa;  Forest name: TYGH.GOV.TW&#xa;  FQDN: HISMR-TAO.TYGH.GOV.TW&#xa;  System time: 2020-10-12T13:24:32+08:00&#xa;"><elem key="os">Windows Server 2012 R2 Standard 9600</elem>
<elem key="lanmanager">Windows Server 2012 R2 Standard 6.3</elem>
<elem key="server">HISMR-TAO\x00</elem>
<elem key="date">2020-10-12T13:24:32+08:00</elem>
<elem key="fqdn">HISMR-TAO.TYGH.GOV.TW</elem>
<elem key="domain_dns">TYGH.GOV.TW</elem>
<elem key="forest_dns">TYGH.GOV.TW</elem>
<elem key="workgroup">TYGH\x00</elem>
<elem key="cpe">cpe:/o:microsoft:windows_server_2012::-</elem>
</script></hostscript><times srtt="579" rttvar="3753" to="100000"/>
</host>
<runstats><finished time="1602480281" timestr="Mon Oct 12 01:24:41 2020" elapsed="33.73" summary="Nmap done at Mon Oct 12 01:24:41 2020; 1 IP address (1 host up) scanned in 33.73 seconds" exit="success"/><hosts up="1" down="0" total="1"/>
</runstats>
</nmaprun>
