<?xml version="1.0" encoding="UTF-8"?>
<!DOCTYPE nmaprun>
<?xml-stylesheet href="file:///usr/bin/../share/nmap/nmap.xsl" type="text/xsl"?>
<!-- Nmap 7.80 scan initiated Fri Oct 23 13:51:56 2020 as: nmap -p 445 -&#45;script smb-os-discovery.nse -oX data/raw_data/192.168.28.104/192.168.28.104_os.xml 192.168.28.104 -->
<nmaprun scanner="nmap" args="nmap -p 445 -&#45;script smb-os-discovery.nse -oX data/raw_data/192.168.28.104/192.168.28.104_os.xml 192.168.28.104" start="1603475516" startstr="Fri Oct 23 13:51:56 2020" version="7.80" xmloutputversion="1.04">
<scaninfo type="syn" protocol="tcp" numservices="1" services="445"/>
<verbose level="0"/>
<debugging level="0"/>
<host starttime="1603475520" endtime="1603475526"><status state="up" reason="arp-response" reason_ttl="0"/>
<address addr="192.168.28.104" addrtype="ipv4"/>
<address addr="40:F2:E9:97:71:72" addrtype="mac" vendor="IBM"/>
<hostnames>
<hostname name="tyghvsrv06.tygh.gov.tw" type="PTR"/>
</hostnames>
<ports><port protocol="tcp" portid="445"><state state="open" reason="syn-ack" reason_ttl="128"/><service name="microsoft-ds" product="Windows Server 2012 R2 Standard 9600 microsoft-ds" method="probed" conf="10"/></port>
</ports>
<hostscript><script id="smb-os-discovery" output="&#xa;  OS: Windows Server 2012 R2 Standard 9600 (Windows Server 2012 R2 Standard 6.3)&#xa;  OS CPE: cpe:/o:microsoft:windows_server_2012::-&#xa;  Computer name: TYGHVSRV062&#xa;  NetBIOS computer name: TYGHVSRV062\x00&#xa;  Domain name: TYGH.GOV.TW&#xa;  Forest name: TYGH.GOV.TW&#xa;  FQDN: TYGHVSRV062.TYGH.GOV.TW&#xa;  System time: 2020-10-23T17:52:05+08:00&#xa;"><elem key="os">Windows Server 2012 R2 Standard 9600</elem>
<elem key="lanmanager">Windows Server 2012 R2 Standard 6.3</elem>
<elem key="server">TYGHVSRV062\x00</elem>
<elem key="date">2020-10-23T17:52:05+08:00</elem>
<elem key="fqdn">TYGHVSRV062.TYGH.GOV.TW</elem>
<elem key="domain_dns">TYGH.GOV.TW</elem>
<elem key="forest_dns">TYGH.GOV.TW</elem>
<elem key="workgroup">TYGH\x00</elem>
<elem key="cpe">cpe:/o:microsoft:windows_server_2012::-</elem>
</script></hostscript><times srtt="10839" rttvar="12155" to="100000"/>
</host>
<runstats><finished time="1603475526" timestr="Fri Oct 23 13:52:06 2020" elapsed="10.83" summary="Nmap done at Fri Oct 23 13:52:06 2020; 1 IP address (1 host up) scanned in 10.83 seconds" exit="success"/><hosts up="1" down="0" total="1"/>
</runstats>
</nmaprun>
