<?xml version="1.0" encoding="UTF-8"?>
<!DOCTYPE nmaprun>
<?xml-stylesheet href="file:///usr/bin/../share/nmap/nmap.xsl" type="text/xsl"?>
<!-- Nmap 7.80 scan initiated Fri Oct 23 13:51:57 2020 as: nmap -p 445 -&#45;script smb-vuln-ms17-010 -oX data/raw_data/192.168.28.104/192.168.28.104_ms17-010.xml 192.168.28.104 -->
<nmaprun scanner="nmap" args="nmap -p 445 -&#45;script smb-vuln-ms17-010 -oX data/raw_data/192.168.28.104/192.168.28.104_ms17-010.xml 192.168.28.104" start="1603475517" startstr="Fri Oct 23 13:51:57 2020" version="7.80" xmloutputversion="1.04">
<scaninfo type="syn" protocol="tcp" numservices="1" services="445"/>
<verbose level="0"/>
<debugging level="0"/>
<host starttime="1603475520" endtime="1603475526"><status state="up" reason="arp-response" reason_ttl="0"/>
<address addr="192.168.28.104" addrtype="ipv4"/>
<address addr="40:F2:E9:97:71:72" addrtype="mac" vendor="IBM"/>
<hostnames>
<hostname name="tyghvsrv06.tygh.gov.tw" type="PTR"/>
</hostnames>
<ports><port protocol="tcp" portid="445"><state state="open" reason="syn-ack" reason_ttl="128"/><service name="microsoft-ds" method="table" conf="3"/></port>
</ports>
<times srtt="30409" rttvar="34572" to="168697"/>
</host>
<runstats><finished time="1603475526" timestr="Fri Oct 23 13:52:06 2020" elapsed="10.67" summary="Nmap done at Fri Oct 23 13:52:06 2020; 1 IP address (1 host up) scanned in 10.67 seconds" exit="success"/><hosts up="1" down="0" total="1"/>
</runstats>
</nmaprun>
