<?xml version="1.0" encoding="UTF-8"?>
<!DOCTYPE nmaprun>
<?xml-stylesheet href="file:///usr/bin/../share/nmap/nmap.xsl" type="text/xsl"?>
<!-- Nmap 7.80 scan initiated Mon Oct 12 01:24:20 2020 as: nmap -p 445 -&#45;script smb-os-discovery.nse -oX data/raw_data/192.168.28.174/192.168.28.174_os.xml 192.168.28.174 -->
<nmaprun scanner="nmap" args="nmap -p 445 -&#45;script smb-os-discovery.nse -oX data/raw_data/192.168.28.174/192.168.28.174_os.xml 192.168.28.174" start="1602480260" startstr="Mon Oct 12 01:24:20 2020" version="7.80" xmloutputversion="1.04">
<scaninfo type="syn" protocol="tcp" numservices="1" services="445"/>
<verbose level="0"/>
<debugging level="0"/>
<host starttime="1602480285" endtime="1602480286"><status state="up" reason="arp-response" reason_ttl="0"/>
<address addr="192.168.28.174" addrtype="ipv4"/>
<address addr="90:1B:0E:9A:D4:44" addrtype="mac" vendor="Fujitsu Technology Solutions GmbH"/>
<hostnames>
<hostname name="mail3.tygh.gov.tw" type="PTR"/>
</hostnames>
<ports><port protocol="tcp" portid="445"><state state="open" reason="syn-ack" reason_ttl="128"/><service name="microsoft-ds" product="Windows Server 2012 R2 Standard 9600 microsoft-ds" method="probed" conf="10"/></port>
</ports>
<hostscript><script id="smb-os-discovery" output="&#xa;  OS: Windows Server 2012 R2 Standard 9600 (Windows Server 2012 R2 Standard 6.3)&#xa;  OS CPE: cpe:/o:microsoft:windows_server_2012::-&#xa;  Computer name: MAIL3&#xa;  NetBIOS computer name: MAIL3\x00&#xa;  Domain name: TYGH.GOV.TW&#xa;  Forest name: TYGH.GOV.TW&#xa;  FQDN: MAIL3.TYGH.GOV.TW&#xa;  System time: 2020-10-12T13:24:38+08:00&#xa;"><elem key="os">Windows Server 2012 R2 Standard 9600</elem>
<elem key="lanmanager">Windows Server 2012 R2 Standard 6.3</elem>
<elem key="server">MAIL3\x00</elem>
<elem key="date">2020-10-12T13:24:38+08:00</elem>
<elem key="fqdn">MAIL3.TYGH.GOV.TW</elem>
<elem key="domain_dns">TYGH.GOV.TW</elem>
<elem key="forest_dns">TYGH.GOV.TW</elem>
<elem key="workgroup">TYGH\x00</elem>
<elem key="cpe">cpe:/o:microsoft:windows_server_2012::-</elem>
</script></hostscript><times srtt="511" rttvar="3786" to="100000"/>
</host>
<runstats><finished time="1602480287" timestr="Mon Oct 12 01:24:47 2020" elapsed="30.61" summary="Nmap done at Mon Oct 12 01:24:47 2020; 1 IP address (1 host up) scanned in 30.61 seconds" exit="success"/><hosts up="1" down="0" total="1"/>
</runstats>
</nmaprun>
