<?xml version="1.0" encoding="UTF-8"?>
<!DOCTYPE nmaprun>
<?xml-stylesheet href="file:///usr/bin/../share/nmap/nmap.xsl" type="text/xsl"?>
<!-- Nmap 7.80 scan initiated Fri Oct 23 13:52:34 2020 as: nmap -p 445 -&#45;script smb-enum-shares.nse -oX data/raw_data/192.168.28.234/192.168.28.234_share.xml 192.168.28.234 -->
<nmaprun scanner="nmap" args="nmap -p 445 -&#45;script smb-enum-shares.nse -oX data/raw_data/192.168.28.234/192.168.28.234_share.xml 192.168.28.234" start="1603475554" startstr="Fri Oct 23 13:52:34 2020" version="7.80" xmloutputversion="1.04">
<scaninfo type="syn" protocol="tcp" numservices="1" services="445"/>
<verbose level="0"/>
<debugging level="0"/>
<host starttime="1603475554" endtime="1603475560"><status state="up" reason="arp-response" reason_ttl="0"/>
<address addr="192.168.28.234" addrtype="ipv4"/>
<address addr="00:15:5D:1C:A7:0A" addrtype="mac" vendor="Microsoft"/>
<hostnames>
<hostname name="tygh-upas.tygh.gov.tw" type="PTR"/>
</hostnames>
<ports><port protocol="tcp" portid="445"><state state="filtered" reason="no-response" reason_ttl="0"/><service name="microsoft-ds" method="table" conf="3"/></port>
</ports>
<times srtt="4282" rttvar="5000" to="100000"/>
</host>
<runstats><finished time="1603475560" timestr="Fri Oct 23 13:52:40 2020" elapsed="6.12" summary="Nmap done at Fri Oct 23 13:52:40 2020; 1 IP address (1 host up) scanned in 6.12 seconds" exit="success"/><hosts up="1" down="0" total="1"/>
</runstats>
</nmaprun>
