<?xml version="1.0" encoding="UTF-8"?>
<!DOCTYPE nmaprun>
<?xml-stylesheet href="file:///usr/bin/../share/nmap/nmap.xsl" type="text/xsl"?>
<!-- Nmap 7.80 scan initiated Fri Oct 23 13:52:29 2020 as: nmap -p 445 -&#45;script smb-enum-shares.nse -oX data/raw_data/192.168.28.251/192.168.28.251_share.xml 192.168.28.251 -->
<nmaprun scanner="nmap" args="nmap -p 445 -&#45;script smb-enum-shares.nse -oX data/raw_data/192.168.28.251/192.168.28.251_share.xml 192.168.28.251" start="1603475549" startstr="Fri Oct 23 13:52:29 2020" version="7.80" xmloutputversion="1.04">
<scaninfo type="syn" protocol="tcp" numservices="1" services="445"/>
<verbose level="0"/>
<debugging level="0"/>
<host starttime="1603475550" endtime="1603475555"><status state="up" reason="arp-response" reason_ttl="0"/>
<address addr="192.168.28.251" addrtype="ipv4"/>
<address addr="00:1B:78:2B:A1:36" addrtype="mac" vendor="Hewlett Packard"/>
<hostnames>
<hostname name="fs1.tygh.gov.tw" type="PTR"/>
</hostnames>
<ports><port protocol="tcp" portid="445"><state state="open" reason="syn-ack" reason_ttl="64"/><service name="microsoft-ds" method="table" conf="3"/></port>
</ports>
<times srtt="3288" rttvar="4490" to="100000"/>
</host>
<runstats><finished time="1603475555" timestr="Fri Oct 23 13:52:35 2020" elapsed="5.92" summary="Nmap done at Fri Oct 23 13:52:35 2020; 1 IP address (1 host up) scanned in 5.92 seconds" exit="success"/><hosts up="1" down="0" total="1"/>
</runstats>
</nmaprun>
