<?xml version="1.0" encoding="UTF-8"?>
<!DOCTYPE nmaprun>
<?xml-stylesheet href="file:///usr/bin/../share/nmap/nmap.xsl" type="text/xsl"?>
<!-- Nmap 7.80 scan initiated Mon Oct 12 01:24:04 2020 as: nmap -p 445 -&#45;script smb-vuln-ms07-029 -oX data/raw_data/192.168.28.107/192.168.28.107_ms07-029.xml 192.168.28.107 -->
<nmaprun scanner="nmap" args="nmap -p 445 -&#45;script smb-vuln-ms07-029 -oX data/raw_data/192.168.28.107/192.168.28.107_ms07-029.xml 192.168.28.107" start="1602480244" startstr="Mon Oct 12 01:24:04 2020" version="7.80" xmloutputversion="1.04">
<scaninfo type="syn" protocol="tcp" numservices="1" services="445"/>
<verbose level="0"/>
<debugging level="0"/>
<host starttime="1602480274" endtime="1602480275"><status state="up" reason="arp-response" reason_ttl="0"/>
<address addr="192.168.28.107" addrtype="ipv4"/>
<address addr="00:15:5D:0A:02:25" addrtype="mac" vendor="Microsoft"/>
<hostnames>
<hostname name="tygh-app.tygh.mohw.gov.tw" type="PTR"/>
</hostnames>
<ports><port protocol="tcp" portid="445"><state state="open" reason="syn-ack" reason_ttl="128"/><service name="microsoft-ds" method="table" conf="3"/></port>
</ports>
<times srtt="1354" rttvar="3868" to="100000"/>
</host>
<runstats><finished time="1602480278" timestr="Mon Oct 12 01:24:38 2020" elapsed="42.51" summary="Nmap done at Mon Oct 12 01:24:38 2020; 1 IP address (1 host up) scanned in 42.51 seconds" exit="success"/><hosts up="1" down="0" total="1"/>
</runstats>
</nmaprun>
