<?xml version="1.0" encoding="UTF-8"?>
<!DOCTYPE nmaprun>
<?xml-stylesheet href="file:///usr/bin/../share/nmap/nmap.xsl" type="text/xsl"?>
<!-- Nmap 7.80 scan initiated Mon Oct 12 01:24:29 2020 as: nmap -p 445 -&#45;script smb-vuln-ms08-067 -oX data/raw_data/192.168.28.222/192.168.28.222_ms08-067.xml 192.168.28.222 -->
<nmaprun scanner="nmap" args="nmap -p 445 -&#45;script smb-vuln-ms08-067 -oX data/raw_data/192.168.28.222/192.168.28.222_ms08-067.xml 192.168.28.222" start="1602480269" startstr="Mon Oct 12 01:24:29 2020" version="7.80" xmloutputversion="1.04">
<scaninfo type="syn" protocol="tcp" numservices="1" services="445"/>
<verbose level="0"/>
<debugging level="0"/>
<host starttime="1602480290" endtime="1602480290"><status state="up" reason="arp-response" reason_ttl="0"/>
<address addr="192.168.28.222" addrtype="ipv4"/>
<address addr="1C:98:EC:13:13:56" addrtype="mac" vendor="Hewlett Packard Enterprise"/>
<hostnames>
<hostname name="tygh-ircgw.tygh.gov.tw" type="PTR"/>
</hostnames>
<ports><port protocol="tcp" portid="445"><state state="open" reason="syn-ack" reason_ttl="128"/><service name="microsoft-ds" method="table" conf="3"/></port>
</ports>
<times srtt="754" rttvar="3813" to="100000"/>
</host>
<runstats><finished time="1602480291" timestr="Mon Oct 12 01:24:51 2020" elapsed="25.71" summary="Nmap done at Mon Oct 12 01:24:51 2020; 1 IP address (1 host up) scanned in 25.71 seconds" exit="success"/><hosts up="1" down="0" total="1"/>
</runstats>
</nmaprun>
