<?xml version="1.0" encoding="UTF-8"?>
<!DOCTYPE nmaprun>
<?xml-stylesheet href="file:///usr/bin/../share/nmap/nmap.xsl" type="text/xsl"?>
<!-- Nmap 7.80 scan initiated Mon Oct 12 01:24:25 2020 as: nmap -p 445 -&#45;script smb-os-discovery.nse -oX data/raw_data/192.168.28.222/192.168.28.222_os.xml 192.168.28.222 -->
<nmaprun scanner="nmap" args="nmap -p 445 -&#45;script smb-os-discovery.nse -oX data/raw_data/192.168.28.222/192.168.28.222_os.xml 192.168.28.222" start="1602480265" startstr="Mon Oct 12 01:24:25 2020" version="7.80" xmloutputversion="1.04">
<scaninfo type="syn" protocol="tcp" numservices="1" services="445"/>
<verbose level="0"/>
<debugging level="0"/>
<host starttime="1602480287" endtime="1602480287"><status state="up" reason="arp-response" reason_ttl="0"/>
<address addr="192.168.28.222" addrtype="ipv4"/>
<address addr="1C:98:EC:13:13:56" addrtype="mac" vendor="Hewlett Packard Enterprise"/>
<hostnames>
<hostname name="tygh-ircgw.tygh.gov.tw" type="PTR"/>
</hostnames>
<ports><port protocol="tcp" portid="445"><state state="open" reason="syn-ack" reason_ttl="128"/><service name="microsoft-ds" method="table" conf="3"/></port>
</ports>
<hostscript><script id="smb-os-discovery" output="ERROR: Script execution failed (use -d to debug)"/></hostscript><times srtt="2907" rttvar="4387" to="100000"/>
</host>
<runstats><finished time="1602480289" timestr="Mon Oct 12 01:24:49 2020" elapsed="27.63" summary="Nmap done at Mon Oct 12 01:24:49 2020; 1 IP address (1 host up) scanned in 27.63 seconds" exit="success"/><hosts up="1" down="0" total="1"/>
</runstats>
</nmaprun>
