<?xml version="1.0" encoding="UTF-8"?>
<!DOCTYPE nmaprun>
<?xml-stylesheet href="file:///usr/bin/../share/nmap/nmap.xsl" type="text/xsl"?>
<!-- Nmap 7.80 scan initiated Mon Oct 12 01:24:25 2020 as: nmap -p 445 -&#45;script smb-os-discovery.nse -oX data/raw_data/192.168.28.206/192.168.28.206_os.xml 192.168.28.206 -->
<nmaprun scanner="nmap" args="nmap -p 445 -&#45;script smb-os-discovery.nse -oX data/raw_data/192.168.28.206/192.168.28.206_os.xml 192.168.28.206" start="1602480265" startstr="Mon Oct 12 01:24:25 2020" version="7.80" xmloutputversion="1.04">
<scaninfo type="syn" protocol="tcp" numservices="1" services="445"/>
<verbose level="0"/>
<debugging level="0"/>
<host starttime="1602480287" endtime="1602480287"><status state="up" reason="arp-response" reason_ttl="0"/>
<address addr="192.168.28.206" addrtype="ipv4"/>
<address addr="00:0C:29:22:42:21" addrtype="mac" vendor="VMware"/>
<hostnames>
<hostname name="vm-venter01.tygh.gov.tw" type="PTR"/>
</hostnames>
<ports><port protocol="tcp" portid="445"><state state="open" reason="syn-ack" reason_ttl="128"/><service name="microsoft-ds" product="Windows Server 2008 R2 Standard 7600 microsoft-ds" method="probed" conf="10"/></port>
</ports>
<hostscript><script id="smb-os-discovery" output="&#xa;  OS: Windows Server 2008 R2 Standard 7600 (Windows Server 2008 R2 Standard 6.1)&#xa;  OS CPE: cpe:/o:microsoft:windows_server_2008::-&#xa;  Computer name: VM-VENTER01&#xa;  NetBIOS computer name: VM-VENTER01\x00&#xa;  Workgroup: WORKGROUP\x00&#xa;  System time: 2020-10-12T13:22:28+08:00&#xa;"><elem key="os">Windows Server 2008 R2 Standard 7600</elem>
<elem key="lanmanager">Windows Server 2008 R2 Standard 6.1</elem>
<elem key="server">VM-VENTER01\x00</elem>
<elem key="date">2020-10-12T13:22:28+08:00</elem>
<elem key="fqdn">VM-VENTER01</elem>
<elem key="domain_dns">VM-VENTER01</elem>
<elem key="workgroup">WORKGROUP\x00</elem>
<elem key="cpe">cpe:/o:microsoft:windows_server_2008::-</elem>
</script></hostscript><times srtt="2513" rttvar="4126" to="100000"/>
</host>
<runstats><finished time="1602480288" timestr="Mon Oct 12 01:24:48 2020" elapsed="27.19" summary="Nmap done at Mon Oct 12 01:24:48 2020; 1 IP address (1 host up) scanned in 27.19 seconds" exit="success"/><hosts up="1" down="0" total="1"/>
</runstats>
</nmaprun>
