<?xml version="1.0" encoding="UTF-8"?>
<!DOCTYPE nmaprun>
<?xml-stylesheet href="file:///usr/bin/../share/nmap/nmap.xsl" type="text/xsl"?>
<!-- Nmap 7.80 scan initiated Mon Oct 12 01:25:08 2020 as: nmap -p 445 -&#45;script smb-vuln-ms06-025 -oX data/raw_data/192.168.28.218/192.168.28.218_ms06-025.xml 192.168.28.218 -->
<nmaprun scanner="nmap" args="nmap -p 445 -&#45;script smb-vuln-ms06-025 -oX data/raw_data/192.168.28.218/192.168.28.218_ms06-025.xml 192.168.28.218" start="1602480308" startstr="Mon Oct 12 01:25:08 2020" version="7.80" xmloutputversion="1.04">
<scaninfo type="syn" protocol="tcp" numservices="1" services="445"/>
<verbose level="0"/>
<debugging level="0"/>
<host starttime="1602480308" endtime="1602480309"><status state="up" reason="arp-response" reason_ttl="0"/>
<address addr="192.168.28.218" addrtype="ipv4"/>
<address addr="00:15:5D:1C:A7:04" addrtype="mac" vendor="Microsoft"/>
<hostnames>
<hostname name="tygh-secdb.tygh.gov.tw" type="PTR"/>
</hostnames>
<ports><port protocol="tcp" portid="445"><state state="filtered" reason="no-response" reason_ttl="0"/><service name="microsoft-ds" method="table" conf="3"/></port>
</ports>
<times srtt="4129" rttvar="5000" to="100000"/>
</host>
<runstats><finished time="1602480309" timestr="Mon Oct 12 01:25:09 2020" elapsed="0.93" summary="Nmap done at Mon Oct 12 01:25:09 2020; 1 IP address (1 host up) scanned in 0.93 seconds" exit="success"/><hosts up="1" down="0" total="1"/>
</runstats>
</nmaprun>
