<?xml version="1.0" encoding="UTF-8"?>
<!DOCTYPE nmaprun>
<?xml-stylesheet href="file:///usr/bin/../share/nmap/nmap.xsl" type="text/xsl"?>
<!-- Nmap 7.80 scan initiated Fri Oct 23 13:51:55 2020 as: nmap -p 445 -&#45;script smb-os-discovery.nse -oX data/raw_data/192.168.28.134/192.168.28.134_os.xml 192.168.28.134 -->
<nmaprun scanner="nmap" args="nmap -p 445 -&#45;script smb-os-discovery.nse -oX data/raw_data/192.168.28.134/192.168.28.134_os.xml 192.168.28.134" start="1603475515" startstr="Fri Oct 23 13:51:55 2020" version="7.80" xmloutputversion="1.04">
<scaninfo type="syn" protocol="tcp" numservices="1" services="445"/>
<verbose level="0"/>
<debugging level="0"/>
<host starttime="1603475519" endtime="1603475525"><status state="up" reason="arp-response" reason_ttl="0"/>
<address addr="192.168.28.134" addrtype="ipv4"/>
<address addr="00:0F:FE:7A:2C:ED" addrtype="mac" vendor="G-pro Computer"/>
<hostnames>
<hostname name="tygh-qc6.tygh.gov.tw" type="PTR"/>
</hostnames>
<ports><port protocol="tcp" portid="445"><state state="open" reason="syn-ack" reason_ttl="128"/><service name="microsoft-ds" product="Windows XP microsoft-ds" method="probed" conf="10"/></port>
</ports>
<hostscript><script id="smb-os-discovery" output="&#xa;  OS: Windows XP (Windows 2000 LAN Manager)&#xa;  OS CPE: cpe:/o:microsoft:windows_xp::-&#xa;  Computer name: TYGH-QC6&#xa;  NetBIOS computer name: TYGH-QC6\x00&#xa;  Domain name: TYGH.GOV.TW&#xa;  FQDN: TYGH-QC6.TYGH.GOV.TW&#xa;  System time: 2020-10-23T17:52:04+08:00&#xa;"><elem key="os">Windows 5.1</elem>
<elem key="lanmanager">Windows 2000 LAN Manager</elem>
<elem key="server">TYGH-QC6\x00</elem>
<elem key="date">2020-10-23T17:52:04+08:00</elem>
<elem key="fqdn">TYGH-QC6.TYGH.GOV.TW</elem>
<elem key="domain_dns">TYGH.GOV.TW</elem>
<elem key="workgroup">TYGH\x00</elem>
<elem key="cpe">cpe:/o:microsoft:windows_xp::-</elem>
</script></hostscript><times srtt="72520" rttvar="82355" to="401940"/>
</host>
<runstats><finished time="1603475525" timestr="Fri Oct 23 13:52:05 2020" elapsed="11.30" summary="Nmap done at Fri Oct 23 13:52:05 2020; 1 IP address (1 host up) scanned in 11.30 seconds" exit="success"/><hosts up="1" down="0" total="1"/>
</runstats>
</nmaprun>
