<?xml version="1.0" encoding="UTF-8"?>
<!DOCTYPE nmaprun>
<?xml-stylesheet href="file:///usr/bin/../share/nmap/nmap.xsl" type="text/xsl"?>
<!-- Nmap 7.80 scan initiated Fri Oct 23 13:51:42 2020 as: nmap -p 445 -&#45;script smb-enum-shares.nse -oX data/raw_data/192.168.28.80/192.168.28.80_share.xml 192.168.28.80 -->
<nmaprun scanner="nmap" args="nmap -p 445 -&#45;script smb-enum-shares.nse -oX data/raw_data/192.168.28.80/192.168.28.80_share.xml 192.168.28.80" start="1603475502" startstr="Fri Oct 23 13:51:42 2020" version="7.80" xmloutputversion="1.04">
<scaninfo type="syn" protocol="tcp" numservices="1" services="445"/>
<verbose level="0"/>
<debugging level="0"/>
<host starttime="1603475511" endtime="1603475537"><status state="up" reason="arp-response" reason_ttl="0"/>
<address addr="192.168.28.80" addrtype="ipv4"/>
<address addr="00:15:5D:0A:01:0C" addrtype="mac" vendor="Microsoft"/>
<hostnames>
<hostname name="mrimagedb" type="PTR"/>
</hostnames>
<ports><port protocol="tcp" portid="445"><state state="open" reason="syn-ack" reason_ttl="128"/><service name="microsoft-ds" method="table" conf="3"/></port>
</ports>
<times srtt="155937" rttvar="177870" to="867417"/>
</host>
<runstats><finished time="1603475537" timestr="Fri Oct 23 13:52:17 2020" elapsed="38.06" summary="Nmap done at Fri Oct 23 13:52:17 2020; 1 IP address (1 host up) scanned in 38.06 seconds" exit="success"/><hosts up="1" down="0" total="1"/>
</runstats>
</nmaprun>
