<?xml version="1.0" encoding="UTF-8"?>
<!DOCTYPE nmaprun>
<?xml-stylesheet href="file:///usr/bin/../share/nmap/nmap.xsl" type="text/xsl"?>
<!-- Nmap 7.80 scan initiated Fri Oct 23 13:51:40 2020 as: nmap -p 445 -&#45;script smb-os-discovery.nse -oX data/raw_data/192.168.28.80/192.168.28.80_os.xml 192.168.28.80 -->
<nmaprun scanner="nmap" args="nmap -p 445 -&#45;script smb-os-discovery.nse -oX data/raw_data/192.168.28.80/192.168.28.80_os.xml 192.168.28.80" start="1603475500" startstr="Fri Oct 23 13:51:40 2020" version="7.80" xmloutputversion="1.04">
<scaninfo type="syn" protocol="tcp" numservices="1" services="445"/>
<verbose level="0"/>
<debugging level="0"/>
<host starttime="1603475510" endtime="1603475516"><status state="up" reason="arp-response" reason_ttl="0"/>
<address addr="192.168.28.80" addrtype="ipv4"/>
<address addr="00:15:5D:0A:01:0C" addrtype="mac" vendor="Microsoft"/>
<hostnames>
<hostname name="mrimagedb" type="PTR"/>
</hostnames>
<ports><port protocol="tcp" portid="445"><state state="open" reason="syn-ack" reason_ttl="128"/><service name="microsoft-ds" method="table" conf="3"/></port>
</ports>
<hostscript><script id="smb-os-discovery" output="ERROR: Script execution failed (use -d to debug)"/></hostscript><times srtt="47407" rttvar="53112" to="259855"/>
</host>
<runstats><finished time="1603475517" timestr="Fri Oct 23 13:51:57 2020" elapsed="19.40" summary="Nmap done at Fri Oct 23 13:51:57 2020; 1 IP address (1 host up) scanned in 19.40 seconds" exit="success"/><hosts up="1" down="0" total="1"/>
</runstats>
</nmaprun>
