<?xml version="1.0" encoding="UTF-8"?>
<!DOCTYPE nmaprun>
<?xml-stylesheet href="file:///usr/bin/../share/nmap/nmap.xsl" type="text/xsl"?>
<!-- Nmap 7.80 scan initiated Mon Oct 12 01:23:47 2020 as: nmap -p 445 -&#45;script smb-vuln-ms10-054 -oX data/raw_data/192.168.28.99/192.168.28.99_ms10-054.xml 192.168.28.99 -->
<nmaprun scanner="nmap" args="nmap -p 445 -&#45;script smb-vuln-ms10-054 -oX data/raw_data/192.168.28.99/192.168.28.99_ms10-054.xml 192.168.28.99" start="1602480227" startstr="Mon Oct 12 01:23:47 2020" version="7.80" xmloutputversion="1.04">
<scaninfo type="syn" protocol="tcp" numservices="1" services="445"/>
<verbose level="0"/>
<debugging level="0"/>
<host starttime="1602480259" endtime="1602480259"><status state="up" reason="arp-response" reason_ttl="0"/>
<address addr="192.168.28.99" addrtype="ipv4"/>
<address addr="00:15:5D:1C:A2:03" addrtype="mac" vendor="Microsoft"/>
<hostnames>
<hostname name="drg-tygh.tygh.gov.tw" type="PTR"/>
</hostnames>
<ports><port protocol="tcp" portid="445"><state state="open" reason="syn-ack" reason_ttl="128"/><service name="microsoft-ds" method="table" conf="3"/></port>
</ports>
<hostscript><script id="smb-vuln-ms10-054" output="false">false</script></hostscript><times srtt="690" rttvar="3790" to="100000"/>
</host>
<runstats><finished time="1602480261" timestr="Mon Oct 12 01:24:21 2020" elapsed="37.55" summary="Nmap done at Mon Oct 12 01:24:21 2020; 1 IP address (1 host up) scanned in 37.55 seconds" exit="success"/><hosts up="1" down="0" total="1"/>
</runstats>
</nmaprun>
