<?xml version="1.0" encoding="UTF-8"?>
<!DOCTYPE nmaprun>
<?xml-stylesheet href="file:///usr/bin/../share/nmap/nmap.xsl" type="text/xsl"?>
<!-- Nmap 7.80 scan initiated Mon Oct 12 01:25:00 2020 as: nmap -p 445 -&#45;script smb-enum-shares.nse -oX data/raw_data/192.168.28.164/192.168.28.164_share.xml 192.168.28.164 -->
<nmaprun scanner="nmap" args="nmap -p 445 -&#45;script smb-enum-shares.nse -oX data/raw_data/192.168.28.164/192.168.28.164_share.xml 192.168.28.164" start="1602480300" startstr="Mon Oct 12 01:25:00 2020" version="7.80" xmloutputversion="1.04">
<scaninfo type="syn" protocol="tcp" numservices="1" services="445"/>
<verbose level="0"/>
<debugging level="0"/>
<host starttime="1602480305" endtime="1602480305"><status state="up" reason="arp-response" reason_ttl="0"/>
<address addr="192.168.28.164" addrtype="ipv4"/>
<address addr="94:40:C9:1D:C9:D8" addrtype="mac" vendor="Hewlett Packard Enterprise"/>
<hostnames>
<hostname name="tyghvsrv271.tygh.gov.tw" type="PTR"/>
</hostnames>
<ports><port protocol="tcp" portid="445"><state state="filtered" reason="no-response" reason_ttl="0"/><service name="microsoft-ds" method="table" conf="3"/></port>
</ports>
<times srtt="4542" rttvar="5000" to="100000"/>
</host>
<runstats><finished time="1602480305" timestr="Mon Oct 12 01:25:05 2020" elapsed="5.77" summary="Nmap done at Mon Oct 12 01:25:05 2020; 1 IP address (1 host up) scanned in 5.77 seconds" exit="success"/><hosts up="1" down="0" total="1"/>
</runstats>
</nmaprun>
