<?xml version="1.0" encoding="UTF-8"?>
<!DOCTYPE nmaprun>
<?xml-stylesheet href="file:///usr/bin/../share/nmap/nmap.xsl" type="text/xsl"?>
<!-- Nmap 7.80 scan initiated Mon Oct 12 01:22:47 2020 as: nmap -p 445 -&#45;script smb-os-discovery.nse -oX data/raw_data/192.168.28.53/192.168.28.53_os.xml 192.168.28.53 -->
<nmaprun scanner="nmap" args="nmap -p 445 -&#45;script smb-os-discovery.nse -oX data/raw_data/192.168.28.53/192.168.28.53_os.xml 192.168.28.53" start="1602480167" startstr="Mon Oct 12 01:22:47 2020" version="7.80" xmloutputversion="1.04">
<scaninfo type="syn" protocol="tcp" numservices="1" services="445"/>
<verbose level="0"/>
<debugging level="0"/>
<host starttime="1602480194" endtime="1602480194"><status state="up" reason="arp-response" reason_ttl="0"/>
<address addr="192.168.28.53" addrtype="ipv4"/>
<address addr="00:0B:CD:CF:75:D3" addrtype="mac" vendor="Hewlett Packard"/>
<hostnames>
<hostname name="dohupload.tygh.gov.tw" type="PTR"/>
</hostnames>
<ports><port protocol="tcp" portid="445"><state state="open" reason="syn-ack" reason_ttl="128"/><service name="microsoft-ds" product="Windows Server 2003 3790 Service Pack 2 microsoft-ds" method="probed" conf="10"/></port>
</ports>
<hostscript><script id="smb-os-discovery" output="&#xa;  OS: Windows Server 2003 3790 Service Pack 2 (Windows Server 2003 5.2)&#xa;  OS CPE: cpe:/o:microsoft:windows_server_2003::sp2&#xa;  Computer name: dohupload&#xa;  NetBIOS computer name: DOHUPLOAD\x00&#xa;  Domain name: TYGH.GOV.TW&#xa;  Forest name: TYGH.GOV.TW&#xa;  FQDN: dohupload.TYGH.GOV.TW&#xa;  System time: 2020-10-12T13:23:07+08:00&#xa;"><elem key="os">Windows Server 2003 3790 Service Pack 2</elem>
<elem key="lanmanager">Windows Server 2003 5.2</elem>
<elem key="server">DOHUPLOAD\x00</elem>
<elem key="date">2020-10-12T13:23:07+08:00</elem>
<elem key="fqdn">dohupload.TYGH.GOV.TW</elem>
<elem key="domain_dns">TYGH.GOV.TW</elem>
<elem key="forest_dns">TYGH.GOV.TW</elem>
<elem key="workgroup">TYGH\x00</elem>
<elem key="cpe">cpe:/o:microsoft:windows_server_2003::sp2</elem>
</script></hostscript><times srtt="4450" rttvar="4814" to="100000"/>
</host>
<runstats><finished time="1602480197" timestr="Mon Oct 12 01:23:17 2020" elapsed="32.84" summary="Nmap done at Mon Oct 12 01:23:17 2020; 1 IP address (1 host up) scanned in 32.84 seconds" exit="success"/><hosts up="1" down="0" total="1"/>
</runstats>
</nmaprun>
