<?xml version="1.0" encoding="UTF-8"?>
<!DOCTYPE nmaprun>
<?xml-stylesheet href="file:///usr/bin/../share/nmap/nmap.xsl" type="text/xsl"?>
<!-- Nmap 7.80 scan initiated Mon Oct 12 01:22:49 2020 as: nmap -p 445 -&#45;script smb-vuln-ms08-067 -oX data/raw_data/192.168.28.53/192.168.28.53_ms08-067.xml 192.168.28.53 -->
<nmaprun scanner="nmap" args="nmap -p 445 -&#45;script smb-vuln-ms08-067 -oX data/raw_data/192.168.28.53/192.168.28.53_ms08-067.xml 192.168.28.53" start="1602480169" startstr="Mon Oct 12 01:22:49 2020" version="7.80" xmloutputversion="1.04">
<scaninfo type="syn" protocol="tcp" numservices="1" services="445"/>
<verbose level="0"/>
<debugging level="0"/>
<host starttime="1602480200" endtime="1602480201"><status state="up" reason="arp-response" reason_ttl="0"/>
<address addr="192.168.28.53" addrtype="ipv4"/>
<address addr="00:0B:CD:CF:75:D3" addrtype="mac" vendor="Hewlett Packard"/>
<hostnames>
<hostname name="dohupload.tygh.gov.tw" type="PTR"/>
</hostnames>
<ports><port protocol="tcp" portid="445"><state state="open" reason="syn-ack" reason_ttl="128"/><service name="microsoft-ds" method="table" conf="3"/></port>
</ports>
<times srtt="418" rttvar="3791" to="100000"/>
</host>
<runstats><finished time="1602480202" timestr="Mon Oct 12 01:23:22 2020" elapsed="36.19" summary="Nmap done at Mon Oct 12 01:23:22 2020; 1 IP address (1 host up) scanned in 36.19 seconds" exit="success"/><hosts up="1" down="0" total="1"/>
</runstats>
</nmaprun>
