<?xml version="1.0" encoding="UTF-8"?>
<!DOCTYPE nmaprun>
<?xml-stylesheet href="file:///usr/bin/../share/nmap/nmap.xsl" type="text/xsl"?>
<!-- Nmap 7.80 scan initiated Mon Oct 12 01:22:35 2020 as: nmap -p 445 -&#45;script smb-os-discovery.nse -oX data/raw_data/192.168.28.32/192.168.28.32_os.xml 192.168.28.32 -->
<nmaprun scanner="nmap" args="nmap -p 445 -&#45;script smb-os-discovery.nse -oX data/raw_data/192.168.28.32/192.168.28.32_os.xml 192.168.28.32" start="1602480155" startstr="Mon Oct 12 01:22:35 2020" version="7.80" xmloutputversion="1.04">
<scaninfo type="syn" protocol="tcp" numservices="1" services="445"/>
<verbose level="0"/>
<debugging level="0"/>
<host starttime="1602480174" endtime="1602480174"><status state="up" reason="arp-response" reason_ttl="0"/>
<address addr="192.168.28.32" addrtype="ipv4"/>
<address addr="00:15:5D:1C:BD:01" addrtype="mac" vendor="Microsoft"/>
<hostnames>
<hostname name="ctmriul-sw.tygh.gov.tw" type="PTR"/>
</hostnames>
<ports><port protocol="tcp" portid="445"><state state="open" reason="syn-ack" reason_ttl="128"/><service name="microsoft-ds" product="Windows Server 2016 Standard 14393 microsoft-ds" method="probed" conf="10"/></port>
</ports>
<hostscript><script id="smb-os-discovery" output="&#xa;  OS: Windows Server 2016 Standard 14393 (Windows Server 2016 Standard 6.3)&#xa;  Computer name: CTMRIUL-SW&#xa;  NetBIOS computer name: CTMRIUL-SW\x00&#xa;  Domain name: TYGH.GOV.TW&#xa;  Forest name: TYGH.GOV.TW&#xa;  FQDN: CTMRIUL-SW.TYGH.GOV.TW&#xa;  System time: 2020-10-12T13:22:46+08:00&#xa;"><elem key="os">Windows Server 2016 Standard 14393</elem>
<elem key="lanmanager">Windows Server 2016 Standard 6.3</elem>
<elem key="server">CTMRIUL-SW\x00</elem>
<elem key="date">2020-10-12T13:22:46+08:00</elem>
<elem key="fqdn">CTMRIUL-SW.TYGH.GOV.TW</elem>
<elem key="domain_dns">TYGH.GOV.TW</elem>
<elem key="forest_dns">TYGH.GOV.TW</elem>
<elem key="workgroup">TYGH\x00</elem>
</script></hostscript><times srtt="859" rttvar="3750" to="100000"/>
</host>
<runstats><finished time="1602480176" timestr="Mon Oct 12 01:22:56 2020" elapsed="25.54" summary="Nmap done at Mon Oct 12 01:22:56 2020; 1 IP address (1 host up) scanned in 25.54 seconds" exit="success"/><hosts up="1" down="0" total="1"/>
</runstats>
</nmaprun>
