<?xml version="1.0" encoding="UTF-8"?>
<!DOCTYPE nmaprun>
<?xml-stylesheet href="file:///usr/bin/../share/nmap/nmap.xsl" type="text/xsl"?>
<!-- Nmap 7.80 scan initiated Mon Oct 12 01:22:44 2020 as: nmap -p 445 -&#45;script smb-vuln-ms10-061 -oX data/raw_data/192.168.28.32/192.168.28.32_ms10-061.xml 192.168.28.32 -->
<nmaprun scanner="nmap" args="nmap -p 445 -&#45;script smb-vuln-ms10-061 -oX data/raw_data/192.168.28.32/192.168.28.32_ms10-061.xml 192.168.28.32" start="1602480164" startstr="Mon Oct 12 01:22:44 2020" version="7.80" xmloutputversion="1.04">
<scaninfo type="syn" protocol="tcp" numservices="1" services="445"/>
<verbose level="0"/>
<debugging level="0"/>
<host starttime="1602480186" endtime="1602480187"><status state="up" reason="arp-response" reason_ttl="0"/>
<address addr="192.168.28.32" addrtype="ipv4"/>
<address addr="00:15:5D:1C:BD:01" addrtype="mac" vendor="Microsoft"/>
<hostnames>
<hostname name="ctmriul-sw.tygh.gov.tw" type="PTR"/>
</hostnames>
<ports><port protocol="tcp" portid="445"><state state="open" reason="syn-ack" reason_ttl="128"/><service name="microsoft-ds" method="table" conf="3"/></port>
</ports>
<hostscript><script id="smb-vuln-ms10-061" output="ERROR: Script execution failed (use -d to debug)"/></hostscript><times srtt="1477" rttvar="3989" to="100000"/>
</host>
<runstats><finished time="1602480189" timestr="Mon Oct 12 01:23:09 2020" elapsed="29.08" summary="Nmap done at Mon Oct 12 01:23:09 2020; 1 IP address (1 host up) scanned in 29.08 seconds" exit="success"/><hosts up="1" down="0" total="1"/>
</runstats>
</nmaprun>
