<?xml version="1.0" encoding="UTF-8"?>
<!DOCTYPE nmaprun>
<?xml-stylesheet href="file:///usr/bin/../share/nmap/nmap.xsl" type="text/xsl"?>
<!-- Nmap 7.80 scan initiated Mon Oct 12 01:24:12 2020 as: nmap -p 445 -&#45;script smb-vuln-ms10-061 -oX data/raw_data/192.168.28.134/192.168.28.134_ms10-061.xml 192.168.28.134 -->
<nmaprun scanner="nmap" args="nmap -p 445 -&#45;script smb-vuln-ms10-061 -oX data/raw_data/192.168.28.134/192.168.28.134_ms10-061.xml 192.168.28.134" start="1602480252" startstr="Mon Oct 12 01:24:12 2020" version="7.80" xmloutputversion="1.04">
<scaninfo type="syn" protocol="tcp" numservices="1" services="445"/>
<verbose level="0"/>
<debugging level="0"/>
<host starttime="1602480280" endtime="1602480280"><status state="up" reason="arp-response" reason_ttl="0"/>
<address addr="192.168.28.134" addrtype="ipv4"/>
<address addr="00:0F:FE:7A:2C:ED" addrtype="mac" vendor="G-pro Computer"/>
<hostnames>
<hostname name="tygh-qc6.tygh.gov.tw" type="PTR"/>
</hostnames>
<ports><port protocol="tcp" portid="445"><state state="open" reason="syn-ack" reason_ttl="128"/><service name="microsoft-ds" method="table" conf="3"/></port>
</ports>
<hostscript><script id="smb-vuln-ms10-061" output="false">false</script></hostscript><times srtt="4497" rttvar="4535" to="100000"/>
</host>
<runstats><finished time="1602480282" timestr="Mon Oct 12 01:24:42 2020" elapsed="32.37" summary="Nmap done at Mon Oct 12 01:24:42 2020; 1 IP address (1 host up) scanned in 32.37 seconds" exit="success"/><hosts up="1" down="0" total="1"/>
</runstats>
</nmaprun>
