<?xml version="1.0" encoding="UTF-8"?>
<!DOCTYPE nmaprun>
<?xml-stylesheet href="file:///usr/bin/../share/nmap/nmap.xsl" type="text/xsl"?>
<!-- Nmap 7.80 scan initiated Fri Oct 23 13:52:22 2020 as: nmap -p 445 -&#45;script smb-vuln-ms17-010 -oX data/raw_data/192.168.28.117/192.168.28.117_ms17-010.xml 192.168.28.117 -->
<nmaprun scanner="nmap" args="nmap -p 445 -&#45;script smb-vuln-ms17-010 -oX data/raw_data/192.168.28.117/192.168.28.117_ms17-010.xml 192.168.28.117" start="1603475542" startstr="Fri Oct 23 13:52:22 2020" version="7.80" xmloutputversion="1.04">
<scaninfo type="syn" protocol="tcp" numservices="1" services="445"/>
<verbose level="0"/>
<debugging level="0"/>
<host starttime="1603475542" endtime="1603475548"><status state="up" reason="arp-response" reason_ttl="0"/>
<address addr="192.168.28.117" addrtype="ipv4"/>
<address addr="4C:52:62:02:62:42" addrtype="mac" vendor="Fujitsu Technology Solutions GmbH"/>
<hostnames>
<hostname name="tyghvsrv212.tygh.gov.tw" type="PTR"/>
</hostnames>
<ports><port protocol="tcp" portid="445"><state state="open" reason="syn-ack" reason_ttl="128"/><service name="microsoft-ds" method="table" conf="3"/></port>
</ports>
<times srtt="1642" rttvar="4051" to="100000"/>
</host>
<runstats><finished time="1603475548" timestr="Fri Oct 23 13:52:28 2020" elapsed="6.02" summary="Nmap done at Fri Oct 23 13:52:28 2020; 1 IP address (1 host up) scanned in 6.02 seconds" exit="success"/><hosts up="1" down="0" total="1"/>
</runstats>
</nmaprun>
