<?xml version="1.0" encoding="UTF-8"?>
<!DOCTYPE nmaprun>
<?xml-stylesheet href="file:///usr/bin/../share/nmap/nmap.xsl" type="text/xsl"?>
<!-- Nmap 7.80 scan initiated Fri Oct 23 13:51:58 2020 as: nmap -p 445 -&#45;script smb-os-discovery.nse -oX data/raw_data/192.168.28.133/192.168.28.133_os.xml 192.168.28.133 -->
<nmaprun scanner="nmap" args="nmap -p 445 -&#45;script smb-os-discovery.nse -oX data/raw_data/192.168.28.133/192.168.28.133_os.xml 192.168.28.133" start="1603475518" startstr="Fri Oct 23 13:51:58 2020" version="7.80" xmloutputversion="1.04">
<scaninfo type="syn" protocol="tcp" numservices="1" services="445"/>
<verbose level="0"/>
<debugging level="0"/>
<host starttime="1603475521" endtime="1603475527"><status state="up" reason="arp-response" reason_ttl="0"/>
<address addr="192.168.28.133" addrtype="ipv4"/>
<address addr="00:14:5E:67:2E:E0" addrtype="mac" vendor="IBM"/>
<hostnames>
<hostname name="tygh-km.tygh.gov.tw" type="PTR"/>
</hostnames>
<ports><port protocol="tcp" portid="445"><state state="open" reason="syn-ack" reason_ttl="128"/><service name="microsoft-ds" product="Windows Server 2003 3790 Service Pack 2 microsoft-ds" method="probed" conf="10"/></port>
</ports>
<hostscript><script id="smb-os-discovery" output="&#xa;  OS: Windows Server 2003 3790 Service Pack 2 (Windows Server 2003 5.2)&#xa;  OS CPE: cpe:/o:microsoft:windows_server_2003::sp2&#xa;  Computer name: tygh-km&#xa;  NetBIOS computer name: TYGH-KM\x00&#xa;  Domain name: TYGH.GOV.TW&#xa;  Forest name: TYGH.GOV.TW&#xa;  FQDN: tygh-km.TYGH.GOV.TW&#xa;  System time: 2020-10-23T17:52:06+08:00&#xa;"><elem key="os">Windows Server 2003 3790 Service Pack 2</elem>
<elem key="lanmanager">Windows Server 2003 5.2</elem>
<elem key="server">TYGH-KM\x00</elem>
<elem key="date">2020-10-23T17:52:06+08:00</elem>
<elem key="fqdn">tygh-km.TYGH.GOV.TW</elem>
<elem key="domain_dns">TYGH.GOV.TW</elem>
<elem key="forest_dns">TYGH.GOV.TW</elem>
<elem key="workgroup">TYGH\x00</elem>
<elem key="cpe">cpe:/o:microsoft:windows_server_2003::sp2</elem>
</script></hostscript><times srtt="4328" rttvar="4859" to="100000"/>
</host>
<runstats><finished time="1603475527" timestr="Fri Oct 23 13:52:07 2020" elapsed="9.30" summary="Nmap done at Fri Oct 23 13:52:07 2020; 1 IP address (1 host up) scanned in 9.30 seconds" exit="success"/><hosts up="1" down="0" total="1"/>
</runstats>
</nmaprun>
