<?xml version="1.0" encoding="UTF-8"?>
<!DOCTYPE nmaprun>
<?xml-stylesheet href="file:///usr/bin/../share/nmap/nmap.xsl" type="text/xsl"?>
<!-- Nmap 7.80 scan initiated Fri Oct 23 13:52:36 2020 as: nmap -p 445 -&#45;script smb-vuln-ms17-010 -oX data/raw_data/192.168.28.168/192.168.28.168_ms17-010.xml 192.168.28.168 -->
<nmaprun scanner="nmap" args="nmap -p 445 -&#45;script smb-vuln-ms17-010 -oX data/raw_data/192.168.28.168/192.168.28.168_ms17-010.xml 192.168.28.168" start="1603475556" startstr="Fri Oct 23 13:52:36 2020" version="7.80" xmloutputversion="1.04">
<scaninfo type="syn" protocol="tcp" numservices="1" services="445"/>
<verbose level="0"/>
<debugging level="0"/>
<host starttime="1603475556" endtime="1603475562"><status state="up" reason="arp-response" reason_ttl="0"/>
<address addr="192.168.28.168" addrtype="ipv4"/>
<address addr="F4:28:53:0D:A2:C8" addrtype="mac" vendor="Zioncom Electronics (Shenzhen)"/>
<hostnames>
<hostname name="voice-tygh.tygh.gov.tw" type="PTR"/>
</hostnames>
<ports><port protocol="tcp" portid="445"><state state="closed" reason="reset" reason_ttl="128"/><service name="microsoft-ds" method="table" conf="3"/></port>
</ports>
<times srtt="546" rttvar="3940" to="100000"/>
</host>
<runstats><finished time="1603475562" timestr="Fri Oct 23 13:52:42 2020" elapsed="5.89" summary="Nmap done at Fri Oct 23 13:52:42 2020; 1 IP address (1 host up) scanned in 5.89 seconds" exit="success"/><hosts up="1" down="0" total="1"/>
</runstats>
</nmaprun>
