<?xml version="1.0" encoding="UTF-8"?>
<!DOCTYPE nmaprun>
<?xml-stylesheet href="file:///usr/bin/../share/nmap/nmap.xsl" type="text/xsl"?>
<!-- Nmap 7.80 scan initiated Fri Oct 23 13:51:51 2020 as: nmap -p 445 -&#45;script smb-vuln-ms08-067 -oX data/raw_data/192.168.28.121/192.168.28.121_ms08-067.xml 192.168.28.121 -->
<nmaprun scanner="nmap" args="nmap -p 445 -&#45;script smb-vuln-ms08-067 -oX data/raw_data/192.168.28.121/192.168.28.121_ms08-067.xml 192.168.28.121" start="1603475511" startstr="Fri Oct 23 13:51:51 2020" version="7.80" xmloutputversion="1.04">
<scaninfo type="syn" protocol="tcp" numservices="1" services="445"/>
<verbose level="0"/>
<debugging level="0"/>
<host starttime="1603475521" endtime="1603475527"><status state="up" reason="arp-response" reason_ttl="0"/>
<address addr="192.168.28.121" addrtype="ipv4"/>
<address addr="94:18:82:0B:F6:73" addrtype="mac" vendor="Hewlett Packard Enterprise"/>
<hostnames>
<hostname name="emrips-tygh.tygh.gov.tw" type="PTR"/>
</hostnames>
<ports><port protocol="tcp" portid="445"><state state="open" reason="syn-ack" reason_ttl="128"/><service name="microsoft-ds" method="table" conf="3"/></port>
</ports>
<times srtt="16032" rttvar="18142" to="100000"/>
</host>
<runstats><finished time="1603475527" timestr="Fri Oct 23 13:52:07 2020" elapsed="16.14" summary="Nmap done at Fri Oct 23 13:52:07 2020; 1 IP address (1 host up) scanned in 16.14 seconds" exit="success"/><hosts up="1" down="0" total="1"/>
</runstats>
</nmaprun>
