<?xml version="1.0" encoding="UTF-8"?>
<!DOCTYPE nmaprun>
<?xml-stylesheet href="file:///usr/bin/../share/nmap/nmap.xsl" type="text/xsl"?>
<!-- Nmap 7.80 scan initiated Fri Oct 23 13:51:52 2020 as: nmap -p 445 -&#45;script smb-vuln-ms08-067 -oX data/raw_data/192.168.28.11/192.168.28.11_ms08-067.xml 192.168.28.11 -->
<nmaprun scanner="nmap" args="nmap -p 445 -&#45;script smb-vuln-ms08-067 -oX data/raw_data/192.168.28.11/192.168.28.11_ms08-067.xml 192.168.28.11" start="1603475512" startstr="Fri Oct 23 13:51:52 2020" version="7.80" xmloutputversion="1.04">
<scaninfo type="syn" protocol="tcp" numservices="1" services="445"/>
<verbose level="0"/>
<debugging level="0"/>
<host starttime="1603475516" endtime="1603475522"><status state="up" reason="arp-response" reason_ttl="0"/>
<address addr="192.168.28.11" addrtype="ipv4"/>
<address addr="5C:F3:FC:2A:B2:4E" addrtype="mac" vendor="IBM"/>
<hostnames>
<hostname name="dc02.tygh.gov.tw" type="PTR"/>
</hostnames>
<ports><port protocol="tcp" portid="445"><state state="open" reason="syn-ack" reason_ttl="128"/><service name="microsoft-ds" method="table" conf="3"/></port>
</ports>
<times srtt="1143" rttvar="4461" to="100000"/>
</host>
<runstats><finished time="1603475522" timestr="Fri Oct 23 13:52:02 2020" elapsed="10.80" summary="Nmap done at Fri Oct 23 13:52:02 2020; 1 IP address (1 host up) scanned in 10.80 seconds" exit="success"/><hosts up="1" down="0" total="1"/>
</runstats>
</nmaprun>
