<?xml version="1.0" encoding="UTF-8"?>
<!DOCTYPE nmaprun>
<?xml-stylesheet href="file:///usr/bin/../share/nmap/nmap.xsl" type="text/xsl"?>
<!-- Nmap 7.80 scan initiated Mon Oct 12 01:22:34 2020 as: nmap -p 445 -&#45;script smb-vuln-ms10-061 -oX data/raw_data/192.168.28.23/192.168.28.23_ms10-061.xml 192.168.28.23 -->
<nmaprun scanner="nmap" args="nmap -p 445 -&#45;script smb-vuln-ms10-061 -oX data/raw_data/192.168.28.23/192.168.28.23_ms10-061.xml 192.168.28.23" start="1602480154" startstr="Mon Oct 12 01:22:34 2020" version="7.80" xmloutputversion="1.04">
<scaninfo type="syn" protocol="tcp" numservices="1" services="445"/>
<verbose level="0"/>
<debugging level="0"/>
<host starttime="1602480173" endtime="1602480173"><status state="up" reason="arp-response" reason_ttl="0"/>
<address addr="192.168.28.23" addrtype="ipv4"/>
<address addr="40:F2:E9:DF:98:44" addrtype="mac" vendor="IBM"/>
<hostnames>
<hostname name="tyghvsrv07.tygh.gov.tw" type="PTR"/>
</hostnames>
<ports><port protocol="tcp" portid="445"><state state="open" reason="syn-ack" reason_ttl="128"/><service name="microsoft-ds" method="table" conf="3"/></port>
</ports>
<hostscript><script id="smb-vuln-ms10-061" output="ERROR: Script execution failed (use -d to debug)"/></hostscript><times srtt="381" rttvar="3770" to="100000"/>
</host>
<runstats><finished time="1602480175" timestr="Mon Oct 12 01:22:55 2020" elapsed="25.37" summary="Nmap done at Mon Oct 12 01:22:55 2020; 1 IP address (1 host up) scanned in 25.37 seconds" exit="success"/><hosts up="1" down="0" total="1"/>
</runstats>
</nmaprun>
