<?xml version="1.0" encoding="UTF-8"?>
<!DOCTYPE nmaprun>
<?xml-stylesheet href="file:///usr/bin/../share/nmap/nmap.xsl" type="text/xsl"?>
<!-- Nmap 7.80 scan initiated Fri Oct 23 13:51:55 2020 as: nmap -p 445 -&#45;script smb-os-discovery.nse -oX data/raw_data/192.168.28.103/192.168.28.103_os.xml 192.168.28.103 -->
<nmaprun scanner="nmap" args="nmap -p 445 -&#45;script smb-os-discovery.nse -oX data/raw_data/192.168.28.103/192.168.28.103_os.xml 192.168.28.103" start="1603475515" startstr="Fri Oct 23 13:51:55 2020" version="7.80" xmloutputversion="1.04">
<scaninfo type="syn" protocol="tcp" numservices="1" services="445"/>
<verbose level="0"/>
<debugging level="0"/>
<host starttime="1603475520" endtime="1603475525"><status state="up" reason="arp-response" reason_ttl="0"/>
<address addr="192.168.28.103" addrtype="ipv4"/>
<address addr="00:1A:64:6F:30:25" addrtype="mac" vendor="IBM"/>
<hostnames>
<hostname name="tygh-citrix.tygh.gov.tw" type="PTR"/>
</hostnames>
<ports><port protocol="tcp" portid="445"><state state="open" reason="syn-ack" reason_ttl="128"/><service name="microsoft-ds" product="Windows Server 2003 R2 3790 Service Pack 2 microsoft-ds" method="probed" conf="10"/></port>
</ports>
<hostscript><script id="smb-os-discovery" output="&#xa;  OS: Windows Server 2003 R2 3790 Service Pack 2 (Windows Server 2003 R2 5.2)&#xa;  OS CPE: cpe:/o:microsoft:windows_server_2003::sp2&#xa;  Computer name: tygh-citrix&#xa;  NetBIOS computer name: TYGH-CITRIX\x00&#xa;  Domain name: TYGH.GOV.TW&#xa;  Forest name: TYGH.GOV.TW&#xa;  FQDN: tygh-citrix.TYGH.GOV.TW&#xa;  System time: 2020-10-23T17:52:05+08:00&#xa;"><elem key="os">Windows Server 2003 R2 3790 Service Pack 2</elem>
<elem key="lanmanager">Windows Server 2003 R2 5.2</elem>
<elem key="server">TYGH-CITRIX\x00</elem>
<elem key="date">2020-10-23T17:52:05+08:00</elem>
<elem key="fqdn">tygh-citrix.TYGH.GOV.TW</elem>
<elem key="domain_dns">TYGH.GOV.TW</elem>
<elem key="forest_dns">TYGH.GOV.TW</elem>
<elem key="workgroup">TYGH\x00</elem>
<elem key="cpe">cpe:/o:microsoft:windows_server_2003::sp2</elem>
</script></hostscript><times srtt="534" rttvar="3789" to="100000"/>
</host>
<runstats><finished time="1603475525" timestr="Fri Oct 23 13:52:05 2020" elapsed="10.75" summary="Nmap done at Fri Oct 23 13:52:05 2020; 1 IP address (1 host up) scanned in 10.75 seconds" exit="success"/><hosts up="1" down="0" total="1"/>
</runstats>
</nmaprun>
