<?xml version="1.0" encoding="UTF-8"?>
<!DOCTYPE nmaprun>
<?xml-stylesheet href="file:///usr/bin/../share/nmap/nmap.xsl" type="text/xsl"?>
<!-- Nmap 7.80 scan initiated Fri Oct 23 13:51:28 2020 as: nmap -p 445 -&#45;script smb-vuln-ms08-067 -oX data/raw_data/192.168.28.6/192.168.28.6_ms08-067.xml 192.168.28.6 -->
<nmaprun scanner="nmap" args="nmap -p 445 -&#45;script smb-vuln-ms08-067 -oX data/raw_data/192.168.28.6/192.168.28.6_ms08-067.xml 192.168.28.6" start="1603475488" startstr="Fri Oct 23 13:51:28 2020" version="7.80" xmloutputversion="1.04">
<scaninfo type="syn" protocol="tcp" numservices="1" services="445"/>
<verbose level="0"/>
<debugging level="0"/>
<host starttime="1603475494" endtime="1603475505"><status state="up" reason="arp-response" reason_ttl="0"/>
<address addr="192.168.28.6" addrtype="ipv4"/>
<address addr="00:15:5D:00:02:12" addrtype="mac" vendor="Microsoft"/>
<hostnames>
<hostname name="mr-tygh.tygh.gov.tw" type="PTR"/>
</hostnames>
<ports><port protocol="tcp" portid="445"><state state="filtered" reason="no-response" reason_ttl="0"/><service name="microsoft-ds" method="table" conf="3"/></port>
</ports>
<times srtt="2238" rttvar="5000" to="100000"/>
</host>
<runstats><finished time="1603475505" timestr="Fri Oct 23 13:51:45 2020" elapsed="17.81" summary="Nmap done at Fri Oct 23 13:51:45 2020; 1 IP address (1 host up) scanned in 17.81 seconds" exit="success"/><hosts up="1" down="0" total="1"/>
</runstats>
</nmaprun>
