<?xml version="1.0" encoding="UTF-8"?>
<!DOCTYPE nmaprun>
<?xml-stylesheet href="file:///usr/bin/../share/nmap/nmap.xsl" type="text/xsl"?>
<!-- Nmap 7.80 scan initiated Fri Oct 23 13:52:02 2020 as: nmap -p 445 -&#45;script smb-os-discovery.nse -oX data/raw_data/192.168.28.129/192.168.28.129_os.xml 192.168.28.129 -->
<nmaprun scanner="nmap" args="nmap -p 445 -&#45;script smb-os-discovery.nse -oX data/raw_data/192.168.28.129/192.168.28.129_os.xml 192.168.28.129" start="1603475522" startstr="Fri Oct 23 13:52:02 2020" version="7.80" xmloutputversion="1.04">
<scaninfo type="syn" protocol="tcp" numservices="1" services="445"/>
<verbose level="0"/>
<debugging level="0"/>
<host starttime="1603475524" endtime="1603475529"><status state="up" reason="arp-response" reason_ttl="0"/>
<address addr="192.168.28.129" addrtype="ipv4"/>
<address addr="00:15:5D:0A:0B:07" addrtype="mac" vendor="Microsoft"/>
<hostnames>
<hostname name="tygh-ctrix2w.tygh.gov.tw" type="PTR"/>
</hostnames>
<ports><port protocol="tcp" portid="445"><state state="open" reason="syn-ack" reason_ttl="128"/><service name="microsoft-ds" product="Windows Server 2019 Standard 17763 microsoft-ds" method="probed" conf="10"/></port>
</ports>
<hostscript><script id="smb-os-discovery" output="&#xa;  OS: Windows Server 2019 Standard 17763 (Windows Server 2019 Standard 6.3)&#xa;  Computer name: TYGH-CTRIX2W&#xa;  NetBIOS computer name: TYGH-CTRIX2W\x00&#xa;  Domain name: TYGH.GOV.TW&#xa;  Forest name: TYGH.GOV.TW&#xa;  FQDN: TYGH-CTRIX2W.TYGH.GOV.TW&#xa;  System time: 2020-10-23T17:52:08+08:00&#xa;"><elem key="os">Windows Server 2019 Standard 17763</elem>
<elem key="lanmanager">Windows Server 2019 Standard 6.3</elem>
<elem key="server">TYGH-CTRIX2W\x00</elem>
<elem key="date">2020-10-23T17:52:08+08:00</elem>
<elem key="fqdn">TYGH-CTRIX2W.TYGH.GOV.TW</elem>
<elem key="domain_dns">TYGH.GOV.TW</elem>
<elem key="forest_dns">TYGH.GOV.TW</elem>
<elem key="workgroup">TYGH\x00</elem>
</script></hostscript><times srtt="4305" rttvar="4762" to="100000"/>
</host>
<runstats><finished time="1603475529" timestr="Fri Oct 23 13:52:09 2020" elapsed="7.76" summary="Nmap done at Fri Oct 23 13:52:09 2020; 1 IP address (1 host up) scanned in 7.76 seconds" exit="success"/><hosts up="1" down="0" total="1"/>
</runstats>
</nmaprun>
