<?xml version="1.0" encoding="UTF-8"?>
<!DOCTYPE nmaprun>
<?xml-stylesheet href="file:///usr/bin/../share/nmap/nmap.xsl" type="text/xsl"?>
<!-- Nmap 7.80 scan initiated Mon Oct 12 01:23:03 2020 as: nmap -p 445 -&#45;script smb-vuln-ms08-067 -oX data/raw_data/192.168.28.72/192.168.28.72_ms08-067.xml 192.168.28.72 -->
<nmaprun scanner="nmap" args="nmap -p 445 -&#45;script smb-vuln-ms08-067 -oX data/raw_data/192.168.28.72/192.168.28.72_ms08-067.xml 192.168.28.72" start="1602480183" startstr="Mon Oct 12 01:23:03 2020" version="7.80" xmloutputversion="1.04">
<scaninfo type="syn" protocol="tcp" numservices="1" services="445"/>
<verbose level="0"/>
<debugging level="0"/>
<host starttime="1602480208" endtime="1602480208"><status state="up" reason="arp-response" reason_ttl="0"/>
<address addr="192.168.28.72" addrtype="ipv4"/>
<address addr="00:15:5D:1C:80:04" addrtype="mac" vendor="Microsoft"/>
<hostnames>
<hostname name="cancertubes.tygh.gov.tw" type="PTR"/>
</hostnames>
<ports><port protocol="tcp" portid="445"><state state="open" reason="syn-ack" reason_ttl="128"/><service name="microsoft-ds" method="table" conf="3"/></port>
</ports>
<times srtt="964" rttvar="3834" to="100000"/>
</host>
<runstats><finished time="1602480210" timestr="Mon Oct 12 01:23:30 2020" elapsed="29.79" summary="Nmap done at Mon Oct 12 01:23:30 2020; 1 IP address (1 host up) scanned in 29.79 seconds" exit="success"/><hosts up="1" down="0" total="1"/>
</runstats>
</nmaprun>
