<?xml version="1.0" encoding="UTF-8"?>
<!DOCTYPE nmaprun>
<?xml-stylesheet href="file:///usr/bin/../share/nmap/nmap.xsl" type="text/xsl"?>
<!-- Nmap 7.80 scan initiated Fri Oct 23 13:51:28 2020 as: nmap -p 445 -&#45;script smb-vuln-ms17-010 -oX data/raw_data/192.168.28.33/192.168.28.33_ms17-010.xml 192.168.28.33 -->
<nmaprun scanner="nmap" args="nmap -p 445 -&#45;script smb-vuln-ms17-010 -oX data/raw_data/192.168.28.33/192.168.28.33_ms17-010.xml 192.168.28.33" start="1603475488" startstr="Fri Oct 23 13:51:28 2020" version="7.80" xmloutputversion="1.04">
<scaninfo type="syn" protocol="tcp" numservices="1" services="445"/>
<verbose level="0"/>
<debugging level="0"/>
<host starttime="1603475495" endtime="1603475511"><status state="up" reason="arp-response" reason_ttl="0"/>
<address addr="192.168.28.33" addrtype="ipv4"/>
<address addr="00:90:0B:00:A3:58" addrtype="mac" vendor="Lanner Electronics"/>
<hostnames>
<hostname name="filet-t1.tygh.gov.tw" type="PTR"/>
</hostnames>
<ports><port protocol="tcp" portid="445"><state state="filtered" reason="no-response" reason_ttl="0"/><service name="microsoft-ds" method="table" conf="3"/></port>
</ports>
<times srtt="1149" rttvar="5000" to="100000"/>
</host>
<runstats><finished time="1603475511" timestr="Fri Oct 23 13:51:51 2020" elapsed="23.39" summary="Nmap done at Fri Oct 23 13:51:51 2020; 1 IP address (1 host up) scanned in 23.39 seconds" exit="success"/><hosts up="1" down="0" total="1"/>
</runstats>
</nmaprun>
