<?xml version="1.0" encoding="UTF-8"?>
<!DOCTYPE nmaprun>
<?xml-stylesheet href="file:///usr/bin/../share/nmap/nmap.xsl" type="text/xsl"?>
<!-- Nmap 7.80 scan initiated Mon Oct 12 01:22:46 2020 as: nmap -p 445 -&#45;script smb-os-discovery.nse -oX data/raw_data/192.168.28.69/192.168.28.69_os.xml 192.168.28.69 -->
<nmaprun scanner="nmap" args="nmap -p 445 -&#45;script smb-os-discovery.nse -oX data/raw_data/192.168.28.69/192.168.28.69_os.xml 192.168.28.69" start="1602480166" startstr="Mon Oct 12 01:22:46 2020" version="7.80" xmloutputversion="1.04">
<scaninfo type="syn" protocol="tcp" numservices="1" services="445"/>
<verbose level="0"/>
<debugging level="0"/>
<host starttime="1602480188" endtime="1602480188"><status state="up" reason="arp-response" reason_ttl="0"/>
<address addr="192.168.28.69" addrtype="ipv4"/>
<address addr="00:15:5D:1C:3E:65" addrtype="mac" vendor="Microsoft"/>
<hostnames>
<hostname name="tyghdohtif.tygh.gov.tw" type="PTR"/>
</hostnames>
<ports><port protocol="tcp" portid="445"><state state="open" reason="syn-ack" reason_ttl="128"/><service name="microsoft-ds" product="Windows Server 2008 R2 Standard 7601 Service Pack 1 microsoft-ds" method="probed" conf="10"/></port>
</ports>
<hostscript><script id="smb-os-discovery" output="&#xa;  OS: Windows Server 2008 R2 Standard 7601 Service Pack 1 (Windows Server 2008 R2 Standard 6.1)&#xa;  OS CPE: cpe:/o:microsoft:windows_server_2008::sp1&#xa;  Computer name: TYGHDOHTIF&#xa;  NetBIOS computer name: TYGHDOHTIF\x00&#xa;  Workgroup: WORKGROUP\x00&#xa;  System time: 2020-10-12T13:23:01+08:00&#xa;"><elem key="os">Windows Server 2008 R2 Standard 7601 Service Pack 1</elem>
<elem key="lanmanager">Windows Server 2008 R2 Standard 6.1</elem>
<elem key="server">TYGHDOHTIF\x00</elem>
<elem key="date">2020-10-12T13:23:01+08:00</elem>
<elem key="fqdn">TYGHDOHTIF</elem>
<elem key="domain_dns">TYGHDOHTIF</elem>
<elem key="workgroup">WORKGROUP\x00</elem>
<elem key="cpe">cpe:/o:microsoft:windows_server_2008::sp1</elem>
</script></hostscript><times srtt="682" rttvar="4077" to="100000"/>
</host>
<runstats><finished time="1602480190" timestr="Mon Oct 12 01:23:10 2020" elapsed="25.81" summary="Nmap done at Mon Oct 12 01:23:10 2020; 1 IP address (1 host up) scanned in 25.81 seconds" exit="success"/><hosts up="1" down="0" total="1"/>
</runstats>
</nmaprun>
