<?xml version="1.0" encoding="UTF-8"?>
<!DOCTYPE nmaprun>
<?xml-stylesheet href="file:///usr/bin/../share/nmap/nmap.xsl" type="text/xsl"?>
<!-- Nmap 7.80 scan initiated Mon Oct 12 01:22:45 2020 as: nmap -p 445 -&#45;script smb-os-discovery.nse -oX data/raw_data/192.168.28.61/192.168.28.61_os.xml 192.168.28.61 -->
<nmaprun scanner="nmap" args="nmap -p 445 -&#45;script smb-os-discovery.nse -oX data/raw_data/192.168.28.61/192.168.28.61_os.xml 192.168.28.61" start="1602480165" startstr="Mon Oct 12 01:22:45 2020" version="7.80" xmloutputversion="1.04">
<scaninfo type="syn" protocol="tcp" numservices="1" services="445"/>
<verbose level="0"/>
<debugging level="0"/>
<host starttime="1602480187" endtime="1602480187"><status state="up" reason="arp-response" reason_ttl="0"/>
<address addr="192.168.28.61" addrtype="ipv4"/>
<address addr="50:E5:49:43:50:AA" addrtype="mac" vendor="Giga-byte Technology"/>
<hostnames>
<hostname name="timestamp-01.tygh.gov.tw" type="PTR"/>
</hostnames>
<ports><port protocol="tcp" portid="445"><state state="open" reason="syn-ack" reason_ttl="128"/><service name="microsoft-ds" product="Windows XP microsoft-ds" method="probed" conf="10"/></port>
</ports>
<hostscript><script id="smb-os-discovery" output="&#xa;  OS: Windows XP (Windows 2000 LAN Manager)&#xa;  OS CPE: cpe:/o:microsoft:windows_xp::-&#xa;  Computer name: TimeStamp-01&#xa;  NetBIOS computer name: TIMESTAMP-01\x00&#xa;  Workgroup: WORKGROUP\x00&#xa;  System time: 2020-10-12T13:23:00+08:00&#xa;"><elem key="os">Windows 5.1</elem>
<elem key="lanmanager">Windows 2000 LAN Manager</elem>
<elem key="server">TIMESTAMP-01\x00</elem>
<elem key="date">2020-10-12T13:23:00+08:00</elem>
<elem key="fqdn">TimeStamp-01</elem>
<elem key="domain_dns">TimeStamp-01</elem>
<elem key="workgroup">WORKGROUP\x00</elem>
<elem key="cpe">cpe:/o:microsoft:windows_xp::-</elem>
</script></hostscript><times srtt="1185" rttvar="3913" to="100000"/>
</host>
<runstats><finished time="1602480189" timestr="Mon Oct 12 01:23:09 2020" elapsed="27.55" summary="Nmap done at Mon Oct 12 01:23:09 2020; 1 IP address (1 host up) scanned in 27.55 seconds" exit="success"/><hosts up="1" down="0" total="1"/>
</runstats>
</nmaprun>
