<?xml version="1.0" encoding="UTF-8"?>
<!DOCTYPE nmaprun>
<?xml-stylesheet href="file:///usr/bin/../share/nmap/nmap.xsl" type="text/xsl"?>
<!-- Nmap 7.80 scan initiated Fri Oct 23 13:52:05 2020 as: nmap -p 445 -&#45;script smb-vuln-ms17-010 -oX data/raw_data/192.168.28.189/192.168.28.189_ms17-010.xml 192.168.28.189 -->
<nmaprun scanner="nmap" args="nmap -p 445 -&#45;script smb-vuln-ms17-010 -oX data/raw_data/192.168.28.189/192.168.28.189_ms17-010.xml 192.168.28.189" start="1603475525" startstr="Fri Oct 23 13:52:05 2020" version="7.80" xmloutputversion="1.04">
<scaninfo type="syn" protocol="tcp" numservices="1" services="445"/>
<verbose level="0"/>
<debugging level="0"/>
<host starttime="1603475525" endtime="1603475531"><status state="up" reason="arp-response" reason_ttl="0"/>
<address addr="192.168.28.189" addrtype="ipv4"/>
<address addr="90:1B:0E:D3:7E:CC" addrtype="mac" vendor="Fujitsu Technology Solutions GmbH"/>
<hostnames>
<hostname name="tyghvsrv19.tygh.gov.tw" type="PTR"/>
</hostnames>
<ports><port protocol="tcp" portid="445"><state state="open" reason="syn-ack" reason_ttl="128"/><service name="microsoft-ds" method="table" conf="3"/></port>
</ports>
<times srtt="446" rttvar="3886" to="100000"/>
</host>
<runstats><finished time="1603475531" timestr="Fri Oct 23 13:52:11 2020" elapsed="6.01" summary="Nmap done at Fri Oct 23 13:52:11 2020; 1 IP address (1 host up) scanned in 6.01 seconds" exit="success"/><hosts up="1" down="0" total="1"/>
</runstats>
</nmaprun>
