<?xml version="1.0" encoding="UTF-8"?>
<!DOCTYPE nmaprun>
<?xml-stylesheet href="file:///usr/bin/../share/nmap/nmap.xsl" type="text/xsl"?>
<!-- Nmap 7.80 scan initiated Fri Oct 23 13:51:32 2020 as: nmap -p 445 -&#45;script smb-vuln-ms17-010 -oX data/raw_data/192.168.28.10/192.168.28.10_ms17-010.xml 192.168.28.10 -->
<nmaprun scanner="nmap" args="nmap -p 445 -&#45;script smb-vuln-ms17-010 -oX data/raw_data/192.168.28.10/192.168.28.10_ms17-010.xml 192.168.28.10" start="1603475492" startstr="Fri Oct 23 13:51:32 2020" version="7.80" xmloutputversion="1.04">
<scaninfo type="syn" protocol="tcp" numservices="1" services="445"/>
<verbose level="0"/>
<debugging level="0"/>
<host starttime="1603475503" endtime="1603475511"><status state="up" reason="arp-response" reason_ttl="0"/>
<address addr="192.168.28.10" addrtype="ipv4"/>
<address addr="5C:F3:FC:2C:D4:BC" addrtype="mac" vendor="IBM"/>
<hostnames>
<hostname name="dc01.tygh.gov.tw" type="PTR"/>
</hostnames>
<ports><port protocol="tcp" portid="445"><state state="open" reason="syn-ack" reason_ttl="128"/><service name="microsoft-ds" method="table" conf="3"/></port>
</ports>
<times srtt="128860" rttvar="147035" to="717000"/>
</host>
<runstats><finished time="1603475511" timestr="Fri Oct 23 13:51:51 2020" elapsed="20.43" summary="Nmap done at Fri Oct 23 13:51:51 2020; 1 IP address (1 host up) scanned in 20.43 seconds" exit="success"/><hosts up="1" down="0" total="1"/>
</runstats>
</nmaprun>
