<?xml version="1.0" encoding="UTF-8"?>
<!DOCTYPE nmaprun>
<?xml-stylesheet href="file:///usr/bin/../share/nmap/nmap.xsl" type="text/xsl"?>
<!-- Nmap 7.80 scan initiated Mon Oct 12 01:25:00 2020 as: nmap -p 445 -&#45;script smb-vuln-ms10-054 -oX data/raw_data/192.168.28.154/192.168.28.154_ms10-054.xml 192.168.28.154 -->
<nmaprun scanner="nmap" args="nmap -p 445 -&#45;script smb-vuln-ms10-054 -oX data/raw_data/192.168.28.154/192.168.28.154_ms10-054.xml 192.168.28.154" start="1602480300" startstr="Mon Oct 12 01:25:00 2020" version="7.80" xmloutputversion="1.04">
<scaninfo type="syn" protocol="tcp" numservices="1" services="445"/>
<verbose level="0"/>
<debugging level="0"/>
<host starttime="1602480304" endtime="1602480304"><status state="up" reason="arp-response" reason_ttl="0"/>
<address addr="192.168.28.154" addrtype="ipv4"/>
<address addr="4C:52:62:35:46:88" addrtype="mac" vendor="Fujitsu Technology Solutions GmbH"/>
<hostnames>
<hostname name="tyghvsrv261.tygh.gov.tw" type="PTR"/>
</hostnames>
<ports><port protocol="tcp" portid="445"><state state="open" reason="syn-ack" reason_ttl="128"/><service name="microsoft-ds" method="table" conf="3"/></port>
</ports>
<hostscript><script id="smb-vuln-ms10-054" output="false">false</script></hostscript><times srtt="4227" rttvar="4721" to="100000"/>
</host>
<runstats><finished time="1602480304" timestr="Mon Oct 12 01:25:04 2020" elapsed="5.28" summary="Nmap done at Mon Oct 12 01:25:04 2020; 1 IP address (1 host up) scanned in 5.28 seconds" exit="success"/><hosts up="1" down="0" total="1"/>
</runstats>
</nmaprun>
