<?xml version="1.0" encoding="UTF-8"?>
<!DOCTYPE nmaprun>
<?xml-stylesheet href="file:///usr/bin/../share/nmap/nmap.xsl" type="text/xsl"?>
<!-- Nmap 7.80 scan initiated Mon Oct 12 01:22:27 2020 as: nmap -p 445 -&#45;script smb-os-discovery.nse -oX data/raw_data/192.168.28.21/192.168.28.21_os.xml 192.168.28.21 -->
<nmaprun scanner="nmap" args="nmap -p 445 -&#45;script smb-os-discovery.nse -oX data/raw_data/192.168.28.21/192.168.28.21_os.xml 192.168.28.21" start="1602480147" startstr="Mon Oct 12 01:22:27 2020" version="7.80" xmloutputversion="1.04">
<scaninfo type="syn" protocol="tcp" numservices="1" services="445"/>
<verbose level="0"/>
<debugging level="0"/>
<host starttime="1602480161" endtime="1602480162"><status state="up" reason="arp-response" reason_ttl="0"/>
<address addr="192.168.28.21" addrtype="ipv4"/>
<address addr="40:F2:E9:DF:8F:14" addrtype="mac" vendor="IBM"/>
<hostnames>
<hostname name="tyghvsrv071.tygh.gov.tw" type="PTR"/>
</hostnames>
<ports><port protocol="tcp" portid="445"><state state="open" reason="syn-ack" reason_ttl="128"/><service name="microsoft-ds" product="Windows Server 2012 R2 Standard 9600 microsoft-ds" method="probed" conf="10"/></port>
</ports>
<hostscript><script id="smb-os-discovery" output="&#xa;  OS: Windows Server 2012 R2 Standard 9600 (Windows Server 2012 R2 Standard 6.3)&#xa;  OS CPE: cpe:/o:microsoft:windows_server_2012::-&#xa;  Computer name: TYGHVSRV071&#xa;  NetBIOS computer name: TYGHVSRV071\x00&#xa;  Domain name: TYGH.GOV.TW&#xa;  Forest name: TYGH.GOV.TW&#xa;  FQDN: TYGHVSRV071.TYGH.GOV.TW&#xa;  System time: 2020-10-12T13:22:34+08:00&#xa;"><elem key="os">Windows Server 2012 R2 Standard 9600</elem>
<elem key="lanmanager">Windows Server 2012 R2 Standard 6.3</elem>
<elem key="server">TYGHVSRV071\x00</elem>
<elem key="date">2020-10-12T13:22:34+08:00</elem>
<elem key="fqdn">TYGHVSRV071.TYGH.GOV.TW</elem>
<elem key="domain_dns">TYGH.GOV.TW</elem>
<elem key="forest_dns">TYGH.GOV.TW</elem>
<elem key="workgroup">TYGH\x00</elem>
<elem key="cpe">cpe:/o:microsoft:windows_server_2012::-</elem>
</script></hostscript><times srtt="1257" rttvar="3950" to="100000"/>
</host>
<runstats><finished time="1602480163" timestr="Mon Oct 12 01:22:43 2020" elapsed="19.59" summary="Nmap done at Mon Oct 12 01:22:43 2020; 1 IP address (1 host up) scanned in 19.59 seconds" exit="success"/><hosts up="1" down="0" total="1"/>
</runstats>
</nmaprun>
